train,0,3.424657534
train,1,3.424657534
train,2,3.424657534
train,3,3.424657534
train,4,3.424657534
train,5,3.424657534
train,6,3.424657534
train,7,3.424657534
train,8,3.424657534
train,9,3.424657534
train,10,3.424657534
train,11,3.424657534
train,12,3.424657534
train,13,3.424657534
train,14,3.424657534
train,15,3.424657534
train,16,3.424657534
train,17,3.424657534
train,18,3.424657534
train,19,3.424657534
train,20,3.424657534
train,21,3.424657534
train,22,3.424657534
train,23,3.424657534
train,24,3.424657534
train,25,3.424657534
train,26,3.424657534
train,27,3.424657534
train,28,3.424657534
train,29,3.424657534
train,30,3.424657534
train,31,3.424657534
train,32,3.424657534
train,33,3.424657534
train,34,3.424657534
train,35,3.424657534
train,36,3.424657534
train,37,3.424657534
train,38,3.424657534
train,39,3.424657534
train,40,3.424657534
train,41,3.424657534
train,42,3.424657534
train,43,3.424657534
train,44,3.424657534
train,45,3.424657534
train,46,3.424657534
train,47,3.424657534
train,48,3.424657534
train,49,3.424657534
train,50,3.424657534
train,51,3.424657534
train,52,3.424657534
train,53,3.424657534
train,54,3.424657534
train,55,3.424657534
train,56,3.424657534
train,57,3.424657534
train,58,3.424657534
train,59,3.424657534
train,60,3.424657534
train,61,3.424657534
train,62,3.424657534
train,63,3.424657534
train,64,3.424657534
train,65,3.424657534
train,66,3.424657534
train,67,3.424657534
train,68,3.424657534
train,69,3.424657534
train,70,3.424657534
train,71,3.424657534
train,72,3.424657534
train,73,3.424657534
train,74,3.424657534
train,75,3.424657534
train,76,3.424657534
train,77,3.424657534
train,78,3.424657534
train,79,3.424657534
train,80,3.424657534
train,81,3.424657534
train,82,3.424657534
train,83,3.424657534
train,84,3.424657534
train,85,3.424657534
train,86,3.424657534
train,87,3.424657534
train,88,3.424657534
train,89,3.424657534
train,90,3.424657534
train,91,3.424657534
train,92,3.424657534
train,93,3.424657534
train,94,3.424657534
train,95,3.424657534
train,96,3.424657534
train,97,3.424657534
train,98,3.424657534
train,99,3.424657534
train,100,3.424657534
train,101,3.424657534
train,102,3.424657534
train,103,3.424657534
train,104,3.424657534
train,105,3.424657534
train,106,3.424657534
train,107,3.424657534
train,108,3.424657534
train,109,3.424657534
train,110,3.424657534
train,111,3.424657534
train,112,3.424657534
train,113,3.424657534
train,114,3.424657534
train,115,3.424657534
train,116,3.424657534
train,117,3.424657534
train,118,3.424657534
train,119,3.424657534
train,120,3.424657534
train,121,3.424657534
train,122,3.424657534
train,123,3.424657534
train,124,3.424657534
train,125,3.424657534
train,126,3.424657534
train,127,3.424657534
train,128,3.424657534
train,129,3.424657534
train,130,3.424657534
train,131,3.424657534
train,132,3.424657534
train,133,3.424657534
train,134,3.424657534
train,135,3.424657534
train,136,3.424657534
train,137,3.424657534
train,138,3.424657534
train,139,3.424657534
train,140,3.424657534
train,141,3.424657534
train,142,3.424657534
train,143,3.424657534
train,144,3.424657534
train,145,3.424657534
train,146,3.424657534
train,147,3.424657534
train,148,3.424657534
train,149,3.424657534
train,150,3.424657534
train,151,3.424657534
train,152,3.424657534
train,153,3.424657534
train,154,3.424657534
train,155,3.424657534
train,156,3.424657534
train,157,3.424657534
train,158,3.424657534
train,159,3.424657534
train,160,3.424657534
train,161,3.424657534
train,162,3.424657534
train,163,3.424657534
train,164,3.424657534
train,165,3.424657534
train,166,3.424657534
train,167,3.424657534
train,168,3.424657534
train,169,3.424657534
train,170,3.424657534
train,171,3.424657534
train,172,3.424657534
train,173,3.424657534
train,174,3.424657534
train,175,3.424657534
train,176,3.424657534
train,177,3.424657534
train,178,3.424657534
train,179,3.424657534
train,180,3.424657534
train,181,3.424657534
train,182,3.424657534
train,183,3.424657534
train,184,3.424657534
train,185,3.424657534
train,186,3.424657534
train,187,3.424657534
train,188,3.424657534
train,189,3.424657534
train,190,3.424657534
train,191,3.424657534
train,192,3.424657534
train,193,3.424657534
train,194,3.424657534
train,195,3.424657534
train,196,3.424657534
train,197,3.424657534
train,198,3.424657534
train,199,3.424657534
train,200,3.424657534
train,201,3.424657534
train,202,3.424657534
train,203,3.424657534
train,204,3.424657534
train,205,3.424657534
train,206,3.424657534
train,207,3.424657534
train,208,3.424657534
train,209,3.424657534
train,210,3.424657534
train,211,3.424657534
train,212,3.424657534
train,213,3.424657534
train,214,3.424657534
train,215,3.424657534
train,216,3.424657534
train,217,3.424657534
train,218,3.424657534
train,219,3.424657534
train,220,3.424657534
train,221,3.424657534
train,222,3.424657534
train,223,3.424657534
train,224,3.424657534
train,225,3.424657534
train,226,3.424657534
train,227,3.424657534
train,228,3.424657534
train,229,3.424657534
train,230,3.424657534
train,231,3.424657534
train,232,3.424657534
train,233,3.424657534
train,234,3.424657534
train,235,3.424657534
train,236,3.424657534
train,237,3.424657534
train,238,3.424657534
train,239,3.424657534
train,240,3.424657534
train,241,3.424657534
train,242,3.424657534
train,243,3.424657534
train,244,3.424657534
train,245,3.424657534
train,246,3.424657534
train,247,3.424657534
train,248,3.424657534
train,249,3.424657534
train,250,3.424657534
train,251,3.424657534
train,252,3.424657534
train,253,3.424657534
train,254,3.424657534
train,255,3.424657534
train,256,3.424657534
train,257,3.424657534
train,258,3.424657534
train,259,3.424657534
train,260,3.424657534
train,261,3.424657534
train,262,3.424657534
train,263,3.424657534
train,264,3.424657534
train,265,3.424657534
train,266,3.424657534
train,267,3.424657534
train,268,3.424657534
train,269,3.424657534
train,270,3.424657534
train,271,3.424657534
train,272,3.424657534
train,273,3.424657534
train,274,3.424657534
train,275,3.424657534
train,276,3.424657534
train,277,3.424657534
train,278,3.424657534
train,279,3.424657534
train,280,3.424657534
train,281,3.424657534
train,282,3.424657534
train,283,3.424657534
train,284,3.424657534
train,285,3.424657534
train,286,3.424657534
train,287,3.424657534
train,288,3.424657534
train,289,3.424657534
train,290,3.424657534
train,291,3.424657534
train,292,3.424657534
train,293,3.424657534
train,294,3.424657534
train,295,3.424657534
train,296,3.424657534
train,297,3.424657534
train,298,3.424657534
train,299,3.424657534
train,300,3.424657534
train,301,3.424657534
train,302,3.424657534
train,303,3.424657534
train,304,3.424657534
train,305,3.424657534
train,306,3.424657534
train,307,3.424657534
train,308,3.424657534
train,309,3.424657534
train,310,3.424657534
train,311,3.424657534
train,312,3.424657534
train,313,3.424657534
train,314,3.424657534
train,315,3.424657534
train,316,3.424657534
train,317,3.424657534
train,318,3.424657534
train,319,3.424657534
train,320,3.424657534
train,321,3.424657534
train,322,3.424657534
train,323,3.424657534
train,324,3.424657534
train,325,3.424657534
train,326,3.424657534
train,327,3.424657534
train,328,3.424657534
train,329,3.424657534
train,330,3.424657534
train,331,3.424657534
train,332,3.424657534
train,333,3.424657534
train,334,3.424657534
train,335,3.424657534
train,336,3.424657534
train,337,3.424657534
train,338,3.424657534
train,339,3.424657534
train,340,3.424657534
train,341,3.424657534
train,342,3.424657534
train,343,3.424657534
train,344,3.424657534
train,345,3.424657534
train,346,3.424657534
train,347,3.424657534
train,348,3.424657534
train,349,3.424657534
train,350,3.424657534
train,351,3.424657534
train,352,3.424657534
train,353,3.424657534
train,354,3.424657534
train,355,3.424657534
train,356,3.424657534
train,357,3.424657534
train,358,3.424657534
train,359,3.424657534
train,360,3.424657534
train,361,3.424657534
train,362,3.424657534
train,363,3.424657534
train,364,3.424657534
train,365,3.424657534
train,366,3.424657534
train,367,3.424657534
train,368,3.424657534
train,369,3.424657534
train,370,3.424657534
train,371,3.424657534
train,372,3.424657534
train,373,3.424657534
train,374,3.424657534
train,375,3.424657534
train,376,3.424657534
train,377,3.424657534
train,378,3.424657534
train,379,3.424657534
train,380,3.424657534
train,381,3.424657534
train,382,3.424657534
train,383,3.424657534
train,384,3.424657534
train,385,3.424657534
train,386,3.424657534
train,387,3.424657534
train,388,3.424657534
train,389,3.424657534
train,390,3.424657534
train,391,3.424657534
train,392,3.424657534
train,393,3.424657534
train,394,3.424657534
train,395,3.424657534
train,396,3.424657534
train,397,3.424657534
train,398,3.424657534
train,399,3.424657534
train,400,3.424657534
train,401,3.424657534
train,402,3.424657534
train,403,3.424657534
train,404,3.424657534
train,405,3.424657534
train,406,3.424657534
train,407,3.424657534
train,408,3.424657534
train,409,3.424657534
train,410,3.424657534
train,411,3.424657534
train,412,3.424657534
train,413,3.424657534
train,414,3.424657534
train,415,3.424657534
train,416,3.424657534
train,417,3.424657534
train,418,3.424657534
train,419,3.424657534
train,420,3.424657534
train,421,3.424657534
train,422,3.424657534
train,423,3.424657534
train,424,3.424657534
train,425,3.424657534
train,426,3.424657534
train,427,3.424657534
train,428,3.424657534
train,429,3.424657534
train,430,3.424657534
train,431,3.424657534
train,432,3.424657534
train,433,3.424657534
train,434,3.424657534
train,435,3.424657534
train,436,3.424657534
train,437,3.424657534
train,438,3.424657534
train,439,3.424657534
train,440,3.424657534
train,441,3.424657534
train,442,3.424657534
train,443,3.424657534
train,444,3.424657534
train,445,3.424657534
train,446,3.424657534
train,447,3.424657534
train,448,3.424657534
train,449,3.424657534
train,450,3.424657534
train,451,3.424657534
train,452,3.424657534
train,453,3.424657534
train,454,3.424657534
train,455,3.424657534
train,456,3.424657534
train,457,3.424657534
train,458,3.424657534
train,459,3.424657534
train,460,3.424657534
train,461,3.424657534
train,462,3.424657534
train,463,3.424657534
train,464,3.424657534
train,465,3.424657534
train,466,3.424657534
train,467,3.424657534
train,468,3.424657534
train,469,3.424657534
train,470,3.424657534
train,471,3.424657534
train,472,3.424657534
train,473,3.424657534
train,474,3.424657534
train,475,3.424657534
train,476,3.424657534
train,477,3.424657534
train,478,3.424657534
train,479,3.424657534
train,480,3.424657534
train,481,3.424657534
train,482,3.424657534
train,483,3.424657534
train,484,3.424657534
train,485,3.424657534
train,486,3.424657534
train,487,3.424657534
train,488,3.424657534
train,489,3.424657534
train,490,3.424657534
train,491,3.424657534
train,492,3.424657534
train,493,3.424657534
train,494,3.424657534
train,495,3.424657534
train,496,3.424657534
train,497,3.424657534
train,498,3.424657534
train,499,3.424657534
train,500,3.424657534
train,501,3.424657534
train,502,3.424657534
train,503,3.424657534
train,504,3.424657534
train,505,3.424657534
train,506,3.424657534
train,507,3.424657534
train,508,3.424657534
train,509,3.424657534
train,510,3.424657534
train,511,3.424657534
train,512,3.424657534
train,513,3.424657534
train,514,3.424657534
train,515,3.424657534
train,516,3.424657534
train,517,3.424657534
train,518,3.424657534
train,519,3.424657534
train,520,3.424657534
train,521,3.424657534
train,522,3.424657534
train,523,3.424657534
train,524,3.424657534
train,525,3.424657534
train,526,3.424657534
train,527,3.424657534
train,528,3.424657534
train,529,3.424657534
train,530,3.424657534
train,531,3.424657534
train,532,3.424657534
train,533,3.424657534
train,534,3.424657534
train,535,3.424657534
train,536,3.424657534
train,537,3.424657534
train,538,3.424657534
train,539,3.424657534
train,540,3.424657534
train,541,3.424657534
train,542,3.424657534
train,543,3.424657534
train,544,3.424657534
train,545,3.424657534
train,546,3.424657534
train,547,3.424657534
train,548,3.424657534
train,549,3.424657534
train,550,3.424657534
train,551,3.424657534
train,552,3.424657534
train,553,3.424657534
train,554,3.424657534
train,555,3.424657534
train,556,3.424657534
train,557,3.424657534
train,558,3.424657534
train,559,3.424657534
train,560,3.424657534
train,561,3.424657534
train,562,3.424657534
train,563,3.424657534
train,564,3.424657534
train,565,3.424657534
train,566,3.424657534
train,567,3.424657534
train,568,3.424657534
train,569,3.424657534
train,570,3.424657534
train,571,3.424657534
train,572,3.424657534
train,573,3.424657534
train,574,3.424657534
train,575,3.424657534
train,576,3.424657534
train,577,3.424657534
train,578,3.424657534
train,579,3.424657534
train,580,3.424657534
train,581,3.424657534
train,582,3.424657534
train,583,3.424657534
train,584,3.424657534
train,585,3.424657534
train,586,3.424657534
train,587,3.424657534
train,588,3.424657534
train,589,3.424657534
train,590,3.424657534
train,591,3.424657534
train,592,3.424657534
train,593,3.424657534
train,594,3.424657534
train,595,3.424657534
train,596,3.424657534
train,597,3.424657534
train,598,3.424657534
train,599,3.424657534
train,600,3.424657534
train,601,3.424657534
train,602,3.424657534
train,603,3.424657534
train,604,3.424657534
train,605,3.424657534
train,606,3.424657534
train,607,3.424657534
train,608,3.424657534
train,609,3.424657534
train,610,3.424657534
train,611,3.424657534
train,612,3.424657534
train,613,3.424657534
train,614,3.424657534
train,615,3.424657534
train,616,3.424657534
train,617,3.424657534
train,618,3.424657534
train,619,3.424657534
train,620,3.424657534
train,621,3.424657534
train,622,3.424657534
train,623,3.424657534
train,624,3.424657534
train,625,3.424657534
train,626,3.424657534
train,627,3.424657534
train,628,3.424657534
train,629,3.424657534
train,630,3.424657534
train,631,3.424657534
train,632,3.424657534
train,633,3.424657534
train,634,3.424657534
train,635,3.424657534
train,636,3.424657534
train,637,3.424657534
train,638,3.424657534
train,639,3.424657534
train,640,3.424657534
train,641,3.424657534
train,642,3.424657534
train,643,3.424657534
train,644,3.424657534
train,645,3.424657534
train,646,3.424657534
train,647,3.424657534
train,648,3.424657534
train,649,3.424657534
train,650,3.424657534
train,651,3.424657534
train,652,3.424657534
train,653,3.424657534
train,654,3.424657534
train,655,3.424657534
train,656,3.424657534
train,657,3.424657534
train,658,3.424657534
train,659,3.424657534
train,660,3.424657534
train,661,3.424657534
train,662,3.424657534
train,663,3.424657534
train,664,3.424657534
train,665,3.424657534
train,666,3.424657534
train,667,3.424657534
train,668,3.424657534
train,669,3.424657534
train,670,3.424657534
train,671,3.424657534
train,672,3.424657534
train,673,3.424657534
train,674,3.424657534
train,675,3.424657534
train,676,3.424657534
train,677,3.424657534
train,678,3.424657534
train,679,3.424657534
train,680,3.424657534
train,681,3.424657534
train,682,3.424657534
train,683,3.424657534
train,684,3.424657534
train,685,3.424657534
train,686,3.424657534
train,687,3.424657534
train,688,3.424657534
train,689,3.424657534
train,690,3.424657534
train,691,3.424657534
train,692,3.424657534
train,693,3.424657534
train,694,3.424657534
train,695,3.424657534
train,696,3.424657534
train,697,3.424657534
train,698,3.424657534
train,699,3.424657534
train,700,3.424657534
train,701,3.424657534
train,702,3.424657534
train,703,3.424657534
train,704,3.424657534
train,705,3.424657534
train,706,3.424657534
train,707,3.424657534
train,708,3.424657534
train,709,3.424657534
train,710,3.424657534
train,711,3.424657534
train,712,3.424657534
train,713,3.424657534
train,714,3.424657534
train,715,3.424657534
train,716,3.424657534
train,717,3.424657534
train,718,3.424657534
train,719,3.424657534
train,720,3.424657534
train,721,3.424657534
train,722,3.424657534
train,723,3.424657534
train,724,3.424657534
train,725,3.424657534
train,726,3.424657534
train,727,3.424657534
train,728,3.424657534
train,729,3.424657534
train,730,3.424657534
train,731,3.424657534
train,732,3.424657534
train,733,3.424657534
train,734,3.424657534
train,735,3.424657534
train,736,3.424657534
train,737,3.424657534
train,738,3.424657534
train,739,3.424657534
train,740,3.424657534
train,741,3.424657534
train,742,3.424657534
train,743,3.424657534
train,744,3.424657534
train,745,3.424657534
train,746,3.424657534
train,747,3.424657534
train,748,3.424657534
train,749,3.424657534
train,750,3.424657534
train,751,3.424657534
train,752,3.424657534
train,753,3.424657534
train,754,3.424657534
train,755,3.424657534
train,756,3.424657534
train,757,3.424657534
train,758,3.424657534
train,759,3.424657534
train,760,3.424657534
train,761,3.424657534
train,762,3.424657534
train,763,3.424657534
train,764,3.424657534
train,765,3.424657534
train,766,3.424657534
train,767,3.424657534
train,768,3.424657534
train,769,3.424657534
train,770,3.424657534
train,771,3.424657534
train,772,3.424657534
train,773,3.424657534
train,774,3.424657534
train,775,3.424657534
train,776,3.424657534
train,777,3.424657534
train,778,3.424657534
train,779,3.424657534
train,780,3.424657534
train,781,3.424657534
train,782,3.424657534
train,783,3.424657534
train,784,3.424657534
train,785,3.424657534
train,786,3.424657534
train,787,3.424657534
train,788,3.424657534
train,789,3.424657534
train,790,3.424657534
train,791,3.424657534
train,792,3.424657534
train,793,3.424657534
train,794,3.424657534
train,795,3.424657534
train,796,3.424657534
train,797,3.424657534
train,798,3.424657534
train,799,3.424657534
train,800,3.424657534
train,801,3.424657534
train,802,3.424657534
train,803,3.424657534
train,804,3.424657534
train,805,3.424657534
train,806,3.424657534
train,807,3.424657534
train,808,3.424657534
train,809,3.424657534
train,810,3.424657534
train,811,3.424657534
train,812,3.424657534
train,813,3.424657534
train,814,3.424657534
train,815,3.424657534
train,816,3.424657534
train,817,3.424657534
train,818,3.424657534
train,819,3.424657534
train,820,3.424657534
train,821,3.424657534
train,822,3.424657534
train,823,3.424657534
train,824,3.424657534
train,825,3.424657534
train,826,3.424657534
train,827,3.424657534
train,828,3.424657534
train,829,3.424657534
train,830,3.424657534
train,831,3.424657534
train,832,3.424657534
train,833,3.424657534
train,834,3.424657534
train,835,3.424657534
train,836,3.424657534
train,837,3.424657534
train,838,3.424657534
train,839,3.424657534
train,840,3.424657534
train,841,3.424657534
train,842,3.424657534
train,843,3.424657534
train,844,3.424657534
train,845,3.424657534
train,846,3.424657534
train,847,3.424657534
train,848,3.424657534
train,849,3.424657534
train,850,3.424657534
train,851,3.424657534
train,852,3.424657534
train,853,3.424657534
train,854,3.424657534
train,855,3.424657534
train,856,3.424657534
train,857,3.424657534
train,858,3.424657534
train,859,3.424657534
train,860,3.424657534
train,861,3.424657534
train,862,3.424657534
train,863,3.424657534
train,864,3.424657534
train,865,3.424657534
train,866,3.424657534
train,867,3.424657534
train,868,3.424657534
train,869,3.424657534
train,870,3.424657534
train,871,3.424657534
train,872,3.424657534
train,873,3.424657534
train,874,3.424657534
train,875,3.424657534
train,876,3.424657534
train,877,3.424657534
train,878,3.424657534
train,879,3.424657534
train,880,3.424657534
train,881,3.424657534
train,882,3.424657534
train,883,3.424657534
train,884,3.424657534
train,885,3.424657534
train,886,3.424657534
train,887,3.424657534
train,888,3.424657534
train,889,3.424657534
train,890,3.424657534
train,891,3.424657534
train,892,3.424657534
train,893,3.424657534
train,894,3.424657534
train,895,3.424657534
train,896,3.424657534
train,897,3.424657534
train,898,3.424657534
train,899,3.424657534
train,900,3.424657534
train,901,3.424657534
train,902,3.424657534
train,903,3.424657534
train,904,3.424657534
train,905,3.424657534
train,906,3.424657534
train,907,3.424657534
train,908,3.424657534
train,909,3.424657534
train,910,3.424657534
train,911,3.424657534
train,912,3.424657534
train,913,3.424657534
train,914,3.424657534
train,915,3.424657534
train,916,3.424657534
train,917,3.424657534
train,918,3.424657534
train,919,3.424657534
train,920,3.424657534
train,921,3.424657534
train,922,3.424657534
train,923,3.424657534
train,924,3.424657534
train,925,3.424657534
train,926,3.424657534
train,927,3.424657534
train,928,3.424657534
train,929,3.424657534
train,930,3.424657534
train,931,3.424657534
train,932,3.424657534
train,933,3.424657534
train,934,3.424657534
train,935,3.424657534
train,936,3.424657534
train,937,3.424657534
train,938,3.424657534
train,939,3.424657534
train,940,3.424657534
train,941,3.424657534
train,942,3.424657534
train,943,3.424657534
train,944,3.424657534
train,945,3.424657534
train,946,3.424657534
train,947,3.424657534
train,948,3.424657534
train,949,3.424657534
train,950,3.424657534
train,951,3.424657534
train,952,3.424657534
train,953,3.424657534
train,954,3.424657534
train,955,3.424657534
train,956,3.424657534
train,957,3.424657534
train,958,3.424657534
train,959,3.424657534
train,960,3.424657534
train,961,3.424657534
train,962,3.424657534
train,963,3.424657534
train,964,3.424657534
train,965,3.424657534
train,966,3.424657534
train,967,3.424657534
train,968,3.424657534
train,969,3.424657534
train,970,3.424657534
train,971,3.424657534
train,972,3.424657534
train,973,3.424657534
train,974,3.424657534
train,975,3.424657534
train,976,3.424657534
train,977,3.424657534
train,978,3.424657534
train,979,3.424657534
train,980,3.424657534
train,981,3.424657534
train,982,3.424657534
train,983,3.424657534
train,984,3.424657534
train,985,3.424657534
train,986,3.424657534
train,987,3.424657534
train,988,3.424657534
train,989,3.424657534
train,990,3.424657534
train,991,3.424657534
train,992,3.424657534
train,993,3.424657534
train,994,3.424657534
train,995,3.424657534
train,996,3.424657534
train,997,3.424657534
train,998,3.424657534
train,999,3.424657534
train,1000,3.424657534
train,1001,3.424657534
train,1002,3.424657534
train,1003,3.424657534
train,1004,3.424657534
train,1005,3.424657534
train,1006,3.424657534
train,1007,3.424657534
heavy,0,2.88903491844444
heavy,1,2.02702744688889
heavy,2,1.71989560077778
heavy,3,1.637483977
heavy,4,1.66030640988889
heavy,5,2.038900288
heavy,6,2.723903938
heavy,7,3.346015766
heavy,8,3.64116815188889
heavy,9,4.17560072644444
heavy,10,4.44793074188889
heavy,11,4.57412874922222
heavy,12,4.59664338788889
heavy,13,4.27453729488889
heavy,14,4.150919864
heavy,15,4.493267824
heavy,16,4.15319263744444
heavy,17,3.75507896733333
heavy,18,3.64912289711111
heavy,19,3.39032290955556
heavy,20,3.03413712055556
heavy,21,2.66597194266667
heavy,22,2.423282626
heavy,23,3.10198877988889
heavy,24,2.88903491844444
heavy,25,2.02702744688889
heavy,26,1.71989560077778
heavy,27,1.637483977
heavy,28,1.66030640988889
heavy,29,2.038900288
heavy,30,2.723903938
heavy,31,3.346015766
heavy,32,3.64116815188889
heavy,33,4.17560072644444
heavy,34,4.44793074188889
heavy,35,4.57412874922222
heavy,36,4.59664338788889
heavy,37,4.27453729488889
heavy,38,4.150919864
heavy,39,4.493267824
heavy,40,4.15319263744444
heavy,41,3.75507896733333
heavy,42,3.64912289711111
heavy,43,3.39032290955556
heavy,44,3.03413712055556
heavy,45,2.66597194266667
heavy,46,2.423282626
heavy,47,3.10198877988889
heavy,48,4.53557450855556
heavy,49,1.19675586411111
heavy,50,1.11119553522222
heavy,51,1.242400694
heavy,52,1.62260441611111
heavy,53,2.872734884
heavy,54,3.807400009
heavy,55,4.238930551
heavy,56,4.22865575111111
heavy,57,5.14449949255556
heavy,58,4.75402091011111
heavy,59,5.17073107177778
heavy,60,4.56035003911111
heavy,61,4.35499574211111
heavy,62,4.551803515
heavy,63,4.52384367
heavy,64,4.17473662455556
heavy,65,3.55894596966667
heavy,66,2.90892167388889
heavy,67,2.61714287644444
heavy,68,2.33677527744444
heavy,69,1.96057256033333
heavy,70,1.600054325
heavy,71,1.49621706611111
heavy,72,4.77079445
heavy,73,1.078145638
heavy,74,1.024238383
heavy,75,1.185960225
heavy,76,1.617218417
heavy,77,2.991854112
heavy,78,3.962185162
heavy,79,4.366489806
heavy,80,4.312582551
heavy,81,5.282913602
heavy,82,4.797748077
heavy,83,5.255959975
heavy,84,4.555165275
heavy,85,4.366489806
heavy,86,4.609072608
heavy,87,4.528211648
heavy,88,4.177814337
heavy,89,3.53092697
heavy,90,2.803178642
heavy,91,2.506688586
heavy,92,2.237152157
heavy,93,1.85980122
heavy,94,1.482450282
heavy,95,1.266821107
heavy,96,4.506172015875
heavy,97,1.211582142375
heavy,98,1.12206517925
heavy,99,1.249455752625
heavy,100,1.623277666
heavy,101,2.8578449805
heavy,102,3.788051864875
heavy,103,4.222985644125
heavy,104,4.218164901125
heavy,105,5.127197728875
heavy,106,4.74855501425
heavy,107,5.160077458875
heavy,108,4.560998134625
heavy,109,4.353558984125
heavy,110,4.544644878375
heavy,111,4.52329767275
heavy,112,4.1743519105
heavy,113,3.562448344625
heavy,114,2.922139552875
heavy,115,2.63094966275
heavy,116,2.3492281675
heavy,117,1.973168977875
heavy,118,1.614754830375
heavy,119,1.524891561
heavy,120,4.77079445
heavy,121,1.078145638
heavy,122,1.024238383
heavy,123,1.185960225
heavy,124,1.617218417
heavy,125,2.991854112
heavy,126,3.962185162
heavy,127,4.366489806
heavy,128,4.312582551
heavy,129,5.282913602
heavy,130,4.797748077
heavy,131,5.255959975
heavy,132,4.555165275
heavy,133,4.366489806
heavy,134,4.609072608
heavy,135,4.528211648
heavy,136,4.177814337
heavy,137,3.53092697
heavy,138,2.803178642
heavy,139,2.506688586
heavy,140,2.237152157
heavy,141,1.85980122
heavy,142,1.482450282
heavy,143,1.266821107
heavy,144,4.77079445
heavy,145,1.078145638
heavy,146,1.024238383
heavy,147,1.185960225
heavy,148,1.617218417
heavy,149,2.991854112
heavy,150,3.962185162
heavy,151,4.366489806
heavy,152,4.312582551
heavy,153,5.282913602
heavy,154,4.797748077
heavy,155,5.255959975
heavy,156,4.555165275
heavy,157,4.366489806
heavy,158,4.609072608
heavy,159,4.528211648
heavy,160,4.177814337
heavy,161,3.53092697
heavy,162,2.803178642
heavy,163,2.506688586
heavy,164,2.237152157
heavy,165,1.85980122
heavy,166,1.482450282
heavy,167,1.266821107
heavy,168,2.8655129243
heavy,169,2.0388884695
heavy,170,1.728591316
heavy,171,1.6431280239
heavy,172,1.6608450098
heavy,173,2.0269883652
heavy,174,2.7084254227
heavy,175,3.3332598405
heavy,176,3.6327754719
heavy,177,4.1617593155
heavy,178,4.4435580252
heavy,179,4.5656058589
heavy,180,4.5971618643
heavy,181,4.2733878885
heavy,182,4.1451929547
heavy,183,4.4928310262
heavy,184,4.1528848662
heavy,185,3.7578808673
heavy,186,3.6596972003
heavy,187,3.4013683386
heavy,188,3.0440994326
heavy,189,2.6760490767
heavy,190,2.4350430303
heavy,191,3.1249283758
heavy,192,2.88903491844444
heavy,193,2.02702744688889
heavy,194,1.71989560077778
heavy,195,1.637483977
heavy,196,1.66030640988889
heavy,197,2.038900288
heavy,198,2.723903938
heavy,199,3.346015766
heavy,200,3.64116815188889
heavy,201,4.17560072644444
heavy,202,4.44793074188889
heavy,203,4.57412874922222
heavy,204,4.59664338788889
heavy,205,4.27453729488889
heavy,206,4.150919864
heavy,207,4.493267824
heavy,208,4.15319263744444
heavy,209,3.75507896733333
heavy,210,3.64912289711111
heavy,211,3.39032290955556
heavy,212,3.03413712055556
heavy,213,2.66597194266667
heavy,214,2.423282626
heavy,215,3.10198877988889
heavy,216,4.77079445
heavy,217,1.078145638
heavy,218,1.024238383
heavy,219,1.185960225
heavy,220,1.617218417
heavy,221,2.991854112
heavy,222,3.962185162
heavy,223,4.366489806
heavy,224,4.312582551
heavy,225,5.282913602
heavy,226,4.797748077
heavy,227,5.255959975
heavy,228,4.555165275
heavy,229,4.366489806
heavy,230,4.609072608
heavy,231,4.528211648
heavy,232,4.177814337
heavy,233,3.53092697
heavy,234,2.803178642
heavy,235,2.506688586
heavy,236,2.237152157
heavy,237,1.85980122
heavy,238,1.482450282
heavy,239,1.266821107
heavy,240,4.77079445
heavy,241,1.078145638
heavy,242,1.024238383
heavy,243,1.185960225
heavy,244,1.617218417
heavy,245,2.991854112
heavy,246,3.962185162
heavy,247,4.366489806
heavy,248,4.312582551
heavy,249,5.282913602
heavy,250,4.797748077
heavy,251,5.255959975
heavy,252,4.555165275
heavy,253,4.366489806
heavy,254,4.609072608
heavy,255,4.528211648
heavy,256,4.177814337
heavy,257,3.53092697
heavy,258,2.803178642
heavy,259,2.506688586
heavy,260,2.237152157
heavy,261,1.85980122
heavy,262,1.482450282
heavy,263,1.266821107
heavy,264,4.53557450855556
heavy,265,1.19675586411111
heavy,266,1.11119553522222
heavy,267,1.242400694
heavy,268,1.62260441611111
heavy,269,2.872734884
heavy,270,3.807400009
heavy,271,4.238930551
heavy,272,4.22865575111111
heavy,273,5.14449949255556
heavy,274,4.75402091011111
heavy,275,5.17073107177778
heavy,276,4.56035003911111
heavy,277,4.35499574211111
heavy,278,4.551803515
heavy,279,4.52384367
heavy,280,4.17473662455556
heavy,281,3.55894596966667
heavy,282,2.90892167388889
heavy,283,2.61714287644444
heavy,284,2.33677527744444
heavy,285,1.96057256033333
heavy,286,1.600054325
heavy,287,1.49621706611111
heavy,288,4.77079445
heavy,289,1.078145638
heavy,290,1.024238383
heavy,291,1.185960225
heavy,292,1.617218417
heavy,293,2.991854112
heavy,294,3.962185162
heavy,295,4.366489806
heavy,296,4.312582551
heavy,297,5.282913602
heavy,298,4.797748077
heavy,299,5.255959975
heavy,300,4.555165275
heavy,301,4.366489806
heavy,302,4.609072608
heavy,303,4.528211648
heavy,304,4.177814337
heavy,305,3.53092697
heavy,306,2.803178642
heavy,307,2.506688586
heavy,308,2.237152157
heavy,309,1.85980122
heavy,310,1.482450282
heavy,311,1.266821107
heavy,312,4.77079445
heavy,313,1.078145638
heavy,314,1.024238383
heavy,315,1.185960225
heavy,316,1.617218417
heavy,317,2.991854112
heavy,318,3.962185162
heavy,319,4.366489806
heavy,320,4.312582551
heavy,321,5.282913602
heavy,322,4.797748077
heavy,323,5.255959975
heavy,324,4.555165275
heavy,325,4.366489806
heavy,326,4.609072608
heavy,327,4.528211648
heavy,328,4.177814337
heavy,329,3.53092697
heavy,330,2.803178642
heavy,331,2.506688586
heavy,332,2.237152157
heavy,333,1.85980122
heavy,334,1.482450282
heavy,335,1.266821107
heavy,336,2.88903491844444
heavy,337,2.02702744688889
heavy,338,1.71989560077778
heavy,339,1.637483977
heavy,340,1.66030640988889
heavy,341,2.038900288
heavy,342,2.723903938
heavy,343,3.346015766
heavy,344,3.64116815188889
heavy,345,4.17560072644444
heavy,346,4.44793074188889
heavy,347,4.57412874922222
heavy,348,4.59664338788889
heavy,349,4.27453729488889
heavy,350,4.150919864
heavy,351,4.493267824
heavy,352,4.15319263744444
heavy,353,3.75507896733333
heavy,354,3.64912289711111
heavy,355,3.39032290955556
heavy,356,3.03413712055556
heavy,357,2.66597194266667
heavy,358,2.423282626
heavy,359,3.10198877988889
heavy,360,2.918437411125
heavy,361,2.012201168625
heavy,362,1.70902595675
heavy,363,1.630428918375
heavy,364,1.65963316
heavy,365,2.0537901915
heavy,366,2.743252082125
heavy,367,3.361960672875
heavy,368,3.651659001875
heavy,369,4.192902490125
heavy,370,4.45339663775
heavy,371,4.584782362125
heavy,372,4.595995292375
heavy,373,4.275974052875
heavy,374,4.158078500625
heavy,375,4.49381382125
heavy,376,4.1535773515
heavy,377,3.751576592375
heavy,378,3.635905018125
heavy,379,3.37651612325
heavy,380,3.0216842305
heavy,381,2.653375525125
heavy,382,2.408582120625
heavy,383,3.073314285
heavy,384,4.53557450855556
heavy,385,1.19675586411111
heavy,386,1.11119553522222
heavy,387,1.242400694
heavy,388,1.62260441611111
heavy,389,2.872734884
heavy,390,3.807400009
heavy,391,4.238930551
heavy,392,4.22865575111111
heavy,393,5.14449949255556
heavy,394,4.75402091011111
heavy,395,5.17073107177778
heavy,396,4.56035003911111
heavy,397,4.35499574211111
heavy,398,4.551803515
heavy,399,4.52384367
heavy,400,4.17473662455556
heavy,401,3.55894596966667
heavy,402,2.90892167388889
heavy,403,2.61714287644444
heavy,404,2.33677527744444
heavy,405,1.96057256033333
heavy,406,1.600054325
heavy,407,1.49621706611111
heavy,408,4.77079445
heavy,409,1.078145638
heavy,410,1.024238383
heavy,411,1.185960225
heavy,412,1.617218417
heavy,413,2.991854112
heavy,414,3.962185162
heavy,415,4.366489806
heavy,416,4.312582551
heavy,417,5.282913602
heavy,418,4.797748077
heavy,419,5.255959975
heavy,420,4.555165275
heavy,421,4.366489806
heavy,422,4.609072608
heavy,423,4.528211648
heavy,424,4.177814337
heavy,425,3.53092697
heavy,426,2.803178642
heavy,427,2.506688586
heavy,428,2.237152157
heavy,429,1.85980122
heavy,430,1.482450282
heavy,431,1.266821107
heavy,432,4.77079445
heavy,433,1.078145638
heavy,434,1.024238383
heavy,435,1.185960225
heavy,436,1.617218417
heavy,437,2.991854112
heavy,438,3.962185162
heavy,439,4.366489806
heavy,440,4.312582551
heavy,441,5.282913602
heavy,442,4.797748077
heavy,443,5.255959975
heavy,444,4.555165275
heavy,445,4.366489806
heavy,446,4.609072608
heavy,447,4.528211648
heavy,448,4.177814337
heavy,449,3.53092697
heavy,450,2.803178642
heavy,451,2.506688586
heavy,452,2.237152157
heavy,453,1.85980122
heavy,454,1.482450282
heavy,455,1.266821107
heavy,456,4.77079445
heavy,457,1.078145638
heavy,458,1.024238383
heavy,459,1.185960225
heavy,460,1.617218417
heavy,461,2.991854112
heavy,462,3.962185162
heavy,463,4.366489806
heavy,464,4.312582551
heavy,465,5.282913602
heavy,466,4.797748077
heavy,467,5.255959975
heavy,468,4.555165275
heavy,469,4.366489806
heavy,470,4.609072608
heavy,471,4.528211648
heavy,472,4.177814337
heavy,473,3.53092697
heavy,474,2.803178642
heavy,475,2.506688586
heavy,476,2.237152157
heavy,477,1.85980122
heavy,478,1.482450282
heavy,479,1.266821107
heavy,480,4.77079445
heavy,481,1.078145638
heavy,482,1.024238383
heavy,483,1.185960225
heavy,484,1.617218417
heavy,485,2.991854112
heavy,486,3.962185162
heavy,487,4.366489806
heavy,488,4.312582551
heavy,489,5.282913602
heavy,490,4.797748077
heavy,491,5.255959975
heavy,492,4.555165275
heavy,493,4.366489806
heavy,494,4.609072608
heavy,495,4.528211648
heavy,496,4.177814337
heavy,497,3.53092697
heavy,498,2.803178642
heavy,499,2.506688586
heavy,500,2.237152157
heavy,501,1.85980122
heavy,502,1.482450282
heavy,503,1.266821107
heavy,504,2.88903491844444
heavy,505,2.02702744688889
heavy,506,1.71989560077778
heavy,507,1.637483977
heavy,508,1.66030640988889
heavy,509,2.038900288
heavy,510,2.723903938
heavy,511,3.346015766
heavy,512,3.64116815188889
heavy,513,4.17560072644444
heavy,514,4.44793074188889
heavy,515,4.57412874922222
heavy,516,4.59664338788889
heavy,517,4.27453729488889
heavy,518,4.150919864
heavy,519,4.493267824
heavy,520,4.15319263744444
heavy,521,3.75507896733333
heavy,522,3.64912289711111
heavy,523,3.39032290955556
heavy,524,3.03413712055556
heavy,525,2.66597194266667
heavy,526,2.423282626
heavy,527,3.10198877988889
heavy,528,3.0772108716
heavy,529,1.932139266
heavy,530,1.650329879
heavy,531,1.5923316018
heavy,532,1.6559976106
heavy,533,2.1341956704
heavy,534,2.8477320604
heavy,535,3.44806317
heavy,536,3.7083095918
heavy,537,4.286332014
heavy,538,4.4829124754
heavy,539,4.6423118718
heavy,540,4.5924955766
heavy,541,4.283732546
heavy,542,4.1967351384
heavy,543,4.4967622064
heavy,544,4.1556548074
heavy,545,3.7326637676
heavy,546,3.5645284716
heavy,547,3.3019594772
heavy,548,2.9544386242
heavy,549,2.5853548704
heavy,550,2.3291993916
heavy,551,2.9184720126
heavy,552,4.53557450855556
heavy,553,1.19675586411111
heavy,554,1.11119553522222
heavy,555,1.242400694
heavy,556,1.62260441611111
heavy,557,2.872734884
heavy,558,3.807400009
heavy,559,4.238930551
heavy,560,4.22865575111111
heavy,561,5.14449949255556
heavy,562,4.75402091011111
heavy,563,5.17073107177778
heavy,564,4.56035003911111
heavy,565,4.35499574211111
heavy,566,4.551803515
heavy,567,4.52384367
heavy,568,4.17473662455556
heavy,569,3.55894596966667
heavy,570,2.90892167388889
heavy,571,2.61714287644444
heavy,572,2.33677527744444
heavy,573,1.96057256033333
heavy,574,1.600054325
heavy,575,1.49621706611111
heavy,576,4.77079445
heavy,577,1.078145638
heavy,578,1.024238383
heavy,579,1.185960225
heavy,580,1.617218417
heavy,581,2.991854112
heavy,582,3.962185162
heavy,583,4.366489806
heavy,584,4.312582551
heavy,585,5.282913602
heavy,586,4.797748077
heavy,587,5.255959975
heavy,588,4.555165275
heavy,589,4.366489806
heavy,590,4.609072608
heavy,591,4.528211648
heavy,592,4.177814337
heavy,593,3.53092697
heavy,594,2.803178642
heavy,595,2.506688586
heavy,596,2.237152157
heavy,597,1.85980122
heavy,598,1.482450282
heavy,599,1.266821107
heavy,600,4.5590965027
heavy,601,1.1848948415
heavy,602,1.10249982
heavy,603,1.2367566471
heavy,604,1.6220658162
heavy,605,2.8846468068
heavy,606,3.8228785243
heavy,607,4.2516864765
heavy,608,4.2370484311
heavy,609,5.1583409035
heavy,610,4.7583936268
heavy,611,5.1792539621
heavy,612,4.5598315627
heavy,613,4.3561451485
heavy,614,4.5575304243
heavy,615,4.5242804678
heavy,616,4.1750443958
heavy,617,3.5561440697
heavy,618,2.8983473707
heavy,619,2.6060974474
heavy,620,2.3268129654
heavy,621,1.9504954263
heavy,622,1.5882939207
heavy,623,1.4732774702
heavy,624,4.77079445
heavy,625,1.078145638
heavy,626,1.024238383
heavy,627,1.185960225
heavy,628,1.617218417
heavy,629,2.991854112
heavy,630,3.962185162
heavy,631,4.366489806
heavy,632,4.312582551
heavy,633,5.282913602
heavy,634,4.797748077
heavy,635,5.255959975
heavy,636,4.555165275
heavy,637,4.366489806
heavy,638,4.609072608
heavy,639,4.528211648
heavy,640,4.177814337
heavy,641,3.53092697
heavy,642,2.803178642
heavy,643,2.506688586
heavy,644,2.237152157
heavy,645,1.85980122
heavy,646,1.482450282
heavy,647,1.266821107
heavy,648,4.77079445
heavy,649,1.078145638
heavy,650,1.024238383
heavy,651,1.185960225
heavy,652,1.617218417
heavy,653,2.991854112
heavy,654,3.962185162
heavy,655,4.366489806
heavy,656,4.312582551
heavy,657,5.282913602
heavy,658,4.797748077
heavy,659,5.255959975
heavy,660,4.555165275
heavy,661,4.366489806
heavy,662,4.609072608
heavy,663,4.528211648
heavy,664,4.177814337
heavy,665,3.53092697
heavy,666,2.803178642
heavy,667,2.506688586
heavy,668,2.237152157
heavy,669,1.85980122
heavy,670,1.482450282
heavy,671,1.266821107
heavy,672,2.88903491844444
heavy,673,2.02702744688889
heavy,674,1.71989560077778
heavy,675,1.637483977
heavy,676,1.66030640988889
heavy,677,2.038900288
heavy,678,2.723903938
heavy,679,3.346015766
heavy,680,3.64116815188889
heavy,681,4.17560072644444
heavy,682,4.44793074188889
heavy,683,4.57412874922222
heavy,684,4.59664338788889
heavy,685,4.27453729488889
heavy,686,4.150919864
heavy,687,4.493267824
heavy,688,4.15319263744444
heavy,689,3.75507896733333
heavy,690,3.64912289711111
heavy,691,3.39032290955556
heavy,692,3.03413712055556
heavy,693,2.66597194266667
heavy,694,2.423282626
heavy,695,3.10198877988889
heavy,696,2.653814977
heavy,697,2.145637673
heavy,698,1.806852753
heavy,699,1.693924446
heavy,700,1.665692409
heavy,701,1.91978106
heavy,702,2.569118785
heavy,703,3.218456511
heavy,704,3.557241352
heavy,705,4.037186617
heavy,706,4.404203575
heavy,707,4.488899846
heavy,708,4.601828152
heavy,709,4.263043231
heavy,710,4.093650771
heavy,711,4.488899846
heavy,712,4.150114925
heavy,713,3.783097967
heavy,714,3.754865929
heavy,715,3.5007772
heavy,716,3.133760241
heavy,717,2.766743283
heavy,718,2.540886669
heavy,719,3.331384739
heavy,720,4.77079445
heavy,721,1.078145638
heavy,722,1.024238383
heavy,723,1.185960225
heavy,724,1.617218417
heavy,725,2.991854112
heavy,726,3.962185162
heavy,727,4.366489806
heavy,728,4.312582551
heavy,729,5.282913602
heavy,730,4.797748077
heavy,731,5.255959975
heavy,732,4.555165275
heavy,733,4.366489806
heavy,734,4.609072608
heavy,735,4.528211648
heavy,736,4.177814337
heavy,737,3.53092697
heavy,738,2.803178642
heavy,739,2.506688586
heavy,740,2.237152157
heavy,741,1.85980122
heavy,742,1.482450282
heavy,743,1.266821107
heavy,744,4.77079445
heavy,745,1.078145638
heavy,746,1.024238383
heavy,747,1.185960225
heavy,748,1.617218417
heavy,749,2.991854112
heavy,750,3.962185162
heavy,751,4.366489806
heavy,752,4.312582551
heavy,753,5.282913602
heavy,754,4.797748077
heavy,755,5.255959975
heavy,756,4.555165275
heavy,757,4.366489806
heavy,758,4.609072608
heavy,759,4.528211648
heavy,760,4.177814337
heavy,761,3.53092697
heavy,762,2.803178642
heavy,763,2.506688586
heavy,764,2.237152157
heavy,765,1.85980122
heavy,766,1.482450282
heavy,767,1.266821107
heavy,768,4.506172015875
heavy,769,1.211582142375
heavy,770,1.12206517925
heavy,771,1.249455752625
heavy,772,1.623277666
heavy,773,2.8578449805
heavy,774,3.788051864875
heavy,775,4.222985644125
heavy,776,4.218164901125
heavy,777,5.127197728875
heavy,778,4.74855501425
heavy,779,5.160077458875
heavy,780,4.560998134625
heavy,781,4.353558984125
heavy,782,4.544644878375
heavy,783,4.52329767275
heavy,784,4.1743519105
heavy,785,3.562448344625
heavy,786,2.922139552875
heavy,787,2.63094966275
heavy,788,2.3492281675
heavy,789,1.973168977875
heavy,790,1.614754830375
heavy,791,1.524891561
heavy,792,4.77079445
heavy,793,1.078145638
heavy,794,1.024238383
heavy,795,1.185960225
heavy,796,1.617218417
heavy,797,2.991854112
heavy,798,3.962185162
heavy,799,4.366489806
heavy,800,4.312582551
heavy,801,5.282913602
heavy,802,4.797748077
heavy,803,5.255959975
heavy,804,4.555165275
heavy,805,4.366489806
heavy,806,4.609072608
heavy,807,4.528211648
heavy,808,4.177814337
heavy,809,3.53092697
heavy,810,2.803178642
heavy,811,2.506688586
heavy,812,2.237152157
heavy,813,1.85980122
heavy,814,1.482450282
heavy,815,1.266821107
heavy,816,4.77079445
heavy,817,1.078145638
heavy,818,1.024238383
heavy,819,1.185960225
heavy,820,1.617218417
heavy,821,2.991854112
heavy,822,3.962185162
heavy,823,4.366489806
heavy,824,4.312582551
heavy,825,5.282913602
heavy,826,4.797748077
heavy,827,5.255959975
heavy,828,4.555165275
heavy,829,4.366489806
heavy,830,4.609072608
heavy,831,4.528211648
heavy,832,4.177814337
heavy,833,3.53092697
heavy,834,2.803178642
heavy,835,2.506688586
heavy,836,2.237152157
heavy,837,1.85980122
heavy,838,1.482450282
heavy,839,1.266821107
heavy,840,2.88903491844444
heavy,841,2.02702744688889
heavy,842,1.71989560077778
heavy,843,1.637483977
heavy,844,1.66030640988889
heavy,845,2.038900288
heavy,846,2.723903938
heavy,847,3.346015766
heavy,848,3.64116815188889
heavy,849,4.17560072644444
heavy,850,4.44793074188889
heavy,851,4.57412874922222
heavy,852,4.59664338788889
heavy,853,4.27453729488889
heavy,854,4.150919864
heavy,855,4.493267824
heavy,856,4.15319263744444
heavy,857,3.75507896733333
heavy,858,3.64912289711111
heavy,859,3.39032290955556
heavy,860,3.03413712055556
heavy,861,2.66597194266667
heavy,862,2.423282626
heavy,863,3.10198877988889
heavy,864,2.653814977
heavy,865,2.145637673
heavy,866,1.806852753
heavy,867,1.693924446
heavy,868,1.665692409
heavy,869,1.91978106
heavy,870,2.569118785
heavy,871,3.218456511
heavy,872,3.557241352
heavy,873,4.037186617
heavy,874,4.404203575
heavy,875,4.488899846
heavy,876,4.601828152
heavy,877,4.263043231
heavy,878,4.093650771
heavy,879,4.488899846
heavy,880,4.150114925
heavy,881,3.783097967
heavy,882,3.754865929
heavy,883,3.5007772
heavy,884,3.133760241
heavy,885,2.766743283
heavy,886,2.540886669
heavy,887,3.331384739
heavy,888,4.506172015875
heavy,889,1.211582142375
heavy,890,1.12206517925
heavy,891,1.249455752625
heavy,892,1.623277666
heavy,893,2.8578449805
heavy,894,3.788051864875
heavy,895,4.222985644125
heavy,896,4.218164901125
heavy,897,5.127197728875
heavy,898,4.74855501425
heavy,899,5.160077458875
heavy,900,4.560998134625
heavy,901,4.353558984125
heavy,902,4.544644878375
heavy,903,4.52329767275
heavy,904,4.1743519105
heavy,905,3.562448344625
heavy,906,2.922139552875
heavy,907,2.63094966275
heavy,908,2.3492281675
heavy,909,1.973168977875
heavy,910,1.614754830375
heavy,911,1.524891561
heavy,912,4.77079445
heavy,913,1.078145638
heavy,914,1.024238383
heavy,915,1.185960225
heavy,916,1.617218417
heavy,917,2.991854112
heavy,918,3.962185162
heavy,919,4.366489806
heavy,920,4.312582551
heavy,921,5.282913602
heavy,922,4.797748077
heavy,923,5.255959975
heavy,924,4.555165275
heavy,925,4.366489806
heavy,926,4.609072608
heavy,927,4.528211648
heavy,928,4.177814337
heavy,929,3.53092697
heavy,930,2.803178642
heavy,931,2.506688586
heavy,932,2.237152157
heavy,933,1.85980122
heavy,934,1.482450282
heavy,935,1.266821107
heavy,936,4.53557450855556
heavy,937,1.19675586411111
heavy,938,1.11119553522222
heavy,939,1.242400694
heavy,940,1.62260441611111
heavy,941,2.872734884
heavy,942,3.807400009
heavy,943,4.238930551
heavy,944,4.22865575111111
heavy,945,5.14449949255556
heavy,946,4.75402091011111
heavy,947,5.17073107177778
heavy,948,4.56035003911111
heavy,949,4.35499574211111
heavy,950,4.551803515
heavy,951,4.52384367
heavy,952,4.17473662455556
heavy,953,3.55894596966667
heavy,954,2.90892167388889
heavy,955,2.61714287644444
heavy,956,2.33677527744444
heavy,957,1.96057256033333
heavy,958,1.600054325
heavy,959,1.49621706611111
heavy,960,4.77079445
heavy,961,1.078145638
heavy,962,1.024238383
heavy,963,1.185960225
heavy,964,1.617218417
heavy,965,2.991854112
heavy,966,3.962185162
heavy,967,4.366489806
heavy,968,4.312582551
heavy,969,5.282913602
heavy,970,4.797748077
heavy,971,5.255959975
heavy,972,4.555165275
heavy,973,4.366489806
heavy,974,4.609072608
heavy,975,4.528211648
heavy,976,4.177814337
heavy,977,3.53092697
heavy,978,2.803178642
heavy,979,2.506688586
heavy,980,2.237152157
heavy,981,1.85980122
heavy,982,1.482450282
heavy,983,1.266821107
heavy,984,4.77079445
heavy,985,1.078145638
heavy,986,1.024238383
heavy,987,1.185960225
heavy,988,1.617218417
heavy,989,2.991854112
heavy,990,3.962185162
heavy,991,4.366489806
heavy,992,4.312582551
heavy,993,5.282913602
heavy,994,4.797748077
heavy,995,5.255959975
heavy,996,4.555165275
heavy,997,4.366489806
heavy,998,4.609072608
heavy,999,4.528211648
heavy,1000,4.177814337
heavy,1001,3.53092697
heavy,1002,2.803178642
heavy,1003,2.506688586
heavy,1004,2.237152157
heavy,1005,1.85980122
heavy,1006,1.482450282
heavy,1007,1.266821107
light,0,17.7604652166667
light,1,15.5911083236667
light,2,9.67095264411111
light,3,6.36608805944444
light,4,4.77568608144444
light,5,4.784646038
light,6,6.664525414
light,7,11.1317813442222
light,8,18.4524582055556
light,9,30.8258884211111
light,10,42.6761907522222
light,11,57.0356412855556
light,12,72.0522741577778
light,13,70.2182291333333
light,14,62.5143440544445
light,15,66.1086871833333
light,16,76.1473447688889
light,17,82.20052218
light,18,88.2123456366667
light,19,87.1371435133333
light,20,76.2490053322222
light,21,61.4904877733333
light,22,38.2558010866667
light,23,23.8873896822222
light,24,17.7604652166667
light,25,15.5911083236667
light,26,9.67095264411111
light,27,6.36608805944444
light,28,4.77568608144444
light,29,4.784646038
light,30,6.664525414
light,31,11.1317813442222
light,32,18.4524582055556
light,33,30.8258884211111
light,34,42.6761907522222
light,35,57.0356412855556
light,36,72.0522741577778
light,37,70.2182291333333
light,38,62.5143440544445
light,39,66.1086871833333
light,40,76.1473447688889
light,41,82.20052218
light,42,88.2123456366667
light,43,87.1371435133333
light,44,76.2490053322222
light,45,61.4904877733333
light,46,38.2558010866667
light,47,23.8873896822222
light,48,11.0129364333333
light,49,6.50815845933333
light,50,2.83717957288889
light,51,2.09840994155556
light,52,2.22527125255556
light,53,7.436986085
light,54,9.625943958
light,55,22.2338511217778
light,56,57.6691257344444
light,57,66.7060347588889
light,58,56.1378223777778
light,59,57.9327536944444
light,60,62.4151297722222
light,61,63.1628606266667
light,62,65.7821584255556
light,63,68.8367491866667
light,64,72.0455543411111
light,65,81.92074226
light,66,91.4650984733333
light,67,82.8634814866667
light,68,60.0087617477778
light,69,39.6012031066667
light,70,23.3447190733333
light,71,16.3380728177778
light,72,10.04900375
light,73,5.210594193
light,74,1.860926277
light,75,1.488741639
light,76,1.860926277
light,77,7.815891806
light,78,10.04900375
light,79,23.81986109
light,80,63.27150681
light,81,71.83176995
light,82,58.06091261
light,83,58.06091261
light,84,61.03839486
light,85,62.15495084
light,86,66.24898905
light,87,69.22647233
light,88,71.45958428
light,89,81.8807737
light,90,91.92977745
light,91,82.25295834
light,92,57.68872695
light,93,36.47416244
light,94,21.2145645
light,95,15.25959898
light,96,11.13342801875
light,97,6.670353992625
light,98,2.959211234875
light,99,2.174618479375
light,100,2.2708143745
light,101,7.389622869875
light,102,9.573061484
light,103,22.03559987575
light,104,56.9688281
light,105,66.06531786
light,106,55.89743609875
light,107,57.91673383
light,108,62.58722163625
light,109,63.28884935
light,110,65.7238045975
light,111,68.78803379375
light,112,72.11880059875
light,113,81.92573833
light,114,91.40701360125
light,115,82.93979688
light,116,60.2987660975
light,117,39.99208319
light,118,23.610988395
light,119,16.4728820475
light,120,10.04900375
light,121,5.210594193
light,122,1.860926277
light,123,1.488741639
light,124,1.860926277
light,125,7.815891806
light,126,10.04900375
light,127,23.81986109
light,128,63.27150681
light,129,71.83176995
light,130,58.06091261
light,131,58.06091261
light,132,61.03839486
light,133,62.15495084
light,134,66.24898905
light,135,69.22647233
light,136,71.45958428
light,137,81.8807737
light,138,91.92977745
light,139,82.25295834
light,140,57.68872695
light,141,36.47416244
light,142,21.2145645
light,143,15.25959898
light,144,10.04900375
light,145,5.210594193
light,146,1.860926277
light,147,1.488741639
light,148,1.860926277
light,149,7.815891806
light,150,10.04900375
light,151,23.81986109
light,152,63.27150681
light,153,71.83176995
light,154,58.06091261
light,155,58.06091261
light,156,61.03839486
light,157,62.15495084
light,158,66.24898905
light,159,69.22647233
light,160,71.45958428
light,161,81.8807737
light,162,91.92977745
light,163,82.25295834
light,164,57.68872695
light,165,36.47416244
light,166,21.2145645
light,167,15.25959898
light,168,17.856858485
light,169,15.7208647503
light,170,9.7685779737
light,171,6.4270548897
light,172,4.812120579
light,173,4.7467554659
light,174,6.6222194348
light,175,10.9731803474
light,176,17.892220098
light,177,30.313314902
light,178,42.483881729
light,179,57.022825394
light,180,72.189947649
light,181,70.319020112
light,182,62.467660992
light,183,66.069714869
light,184,76.205941775
light,185,82.204519036
light,186,88.165877739
light,187,87.198195828
light,188,76.481008812
light,189,61.80319184
light,190,38.468816544
light,191,23.995237066
light,192,17.7604652166667
light,193,15.5911083236667
light,194,9.67095264411111
light,195,6.36608805944444
light,196,4.77568608144444
light,197,4.784646038
light,198,6.664525414
light,199,11.1317813442222
light,200,18.4524582055556
light,201,30.8258884211111
light,202,42.6761907522222
light,203,57.0356412855556
light,204,72.0522741577778
light,205,70.2182291333333
light,206,62.5143440544445
light,207,66.1086871833333
light,208,76.1473447688889
light,209,82.20052218
light,210,88.2123456366667
light,211,87.1371435133333
light,212,76.2490053322222
light,213,61.4904877733333
light,214,38.2558010866667
light,215,23.8873896822222
light,216,10.04900375
light,217,5.210594193
light,218,1.860926277
light,219,1.488741639
light,220,1.860926277
light,221,7.815891806
light,222,10.04900375
light,223,23.81986109
light,224,63.27150681
light,225,71.83176995
light,226,58.06091261
light,227,58.06091261
light,228,61.03839486
light,229,62.15495084
light,230,66.24898905
light,231,69.22647233
light,232,71.45958428
light,233,81.8807737
light,234,91.92977745
light,235,82.25295834
light,236,57.68872695
light,237,36.47416244
light,238,21.2145645
light,239,15.25959898
light,240,10.04900375
light,241,5.210594193
light,242,1.860926277
light,243,1.488741639
light,244,1.860926277
light,245,7.815891806
light,246,10.04900375
light,247,23.81986109
light,248,63.27150681
light,249,71.83176995
light,250,58.06091261
light,251,58.06091261
light,252,61.03839486
light,253,62.15495084
light,254,66.24898905
light,255,69.22647233
light,256,71.45958428
light,257,81.8807737
light,258,91.92977745
light,259,82.25295834
light,260,57.68872695
light,261,36.47416244
light,262,21.2145645
light,263,15.25959898
light,264,11.0129364333333
light,265,6.50815845933333
light,266,2.83717957288889
light,267,2.09840994155556
light,268,2.22527125255556
light,269,7.436986085
light,270,9.625943958
light,271,22.2338511217778
light,272,57.6691257344444
light,273,66.7060347588889
light,274,56.1378223777778
light,275,57.9327536944444
light,276,62.4151297722222
light,277,63.1628606266667
light,278,65.7821584255556
light,279,68.8367491866667
light,280,72.0455543411111
light,281,81.92074226
light,282,91.4650984733333
light,283,82.8634814866667
light,284,60.0087617477778
light,285,39.6012031066667
light,286,23.3447190733333
light,287,16.3380728177778
light,288,10.04900375
light,289,5.210594193
light,290,1.860926277
light,291,1.488741639
light,292,1.860926277
light,293,7.815891806
light,294,10.04900375
light,295,23.81986109
light,296,63.27150681
light,297,71.83176995
light,298,58.06091261
light,299,58.06091261
light,300,61.03839486
light,301,62.15495084
light,302,66.24898905
light,303,69.22647233
light,304,71.45958428
light,305,81.8807737
light,306,91.92977745
light,307,82.25295834
light,308,57.68872695
light,309,36.47416244
light,310,21.2145645
light,311,15.25959898
light,312,10.04900375
light,313,5.210594193
light,314,1.860926277
light,315,1.488741639
light,316,1.860926277
light,317,7.815891806
light,318,10.04900375
light,319,23.81986109
light,320,63.27150681
light,321,71.83176995
light,322,58.06091261
light,323,58.06091261
light,324,61.03839486
light,325,62.15495084
light,326,66.24898905
light,327,69.22647233
light,328,71.45958428
light,329,81.8807737
light,330,91.92977745
light,331,82.25295834
light,332,57.68872695
light,333,36.47416244
light,334,21.2145645
light,335,15.25959898
light,336,17.7604652166667
light,337,15.5911083236667
light,338,9.67095264411111
light,339,6.36608805944444
light,340,4.77568608144444
light,341,4.784646038
light,342,6.664525414
light,343,11.1317813442222
light,344,18.4524582055556
light,345,30.8258884211111
light,346,42.6761907522222
light,347,57.0356412855556
light,348,72.0522741577778
light,349,70.2182291333333
light,350,62.5143440544445
light,351,66.1086871833333
light,352,76.1473447688889
light,353,82.20052218
light,354,88.2123456366667
light,355,87.1371435133333
light,356,76.2490053322222
light,357,61.4904877733333
light,358,38.2558010866667
light,359,23.8873896822222
light,360,17.63997363125
light,361,15.428912790375
light,362,9.548920982125
light,363,6.289879521625
light,364,4.7301429595
light,365,4.832009253125
light,366,6.717407888
light,367,11.33003259025
light,368,19.15275584
light,369,31.46660532
light,370,42.91657703125
light,371,57.05166115
light,372,71.88018229375
light,373,70.09224041
light,374,62.5726978825
light,375,66.15740257625
light,376,76.07409851125
light,377,82.19552611
light,378,88.27043050875
light,379,87.06082812
light,380,75.9590009825
light,381,61.09960769
light,382,37.989531765
light,383,23.7525804525
light,384,11.0129364333333
light,385,6.50815845933333
light,386,2.83717957288889
light,387,2.09840994155556
light,388,2.22527125255556
light,389,7.436986085
light,390,9.625943958
light,391,22.2338511217778
light,392,57.6691257344444
light,393,66.7060347588889
light,394,56.1378223777778
light,395,57.9327536944444
light,396,62.4151297722222
light,397,63.1628606266667
light,398,65.7821584255556
light,399,68.8367491866667
light,400,72.0455543411111
light,401,81.92074226
light,402,91.4650984733333
light,403,82.8634814866667
light,404,60.0087617477778
light,405,39.6012031066667
light,406,23.3447190733333
light,407,16.3380728177778
light,408,10.04900375
light,409,5.210594193
light,410,1.860926277
light,411,1.488741639
light,412,1.860926277
light,413,7.815891806
light,414,10.04900375
light,415,23.81986109
light,416,63.27150681
light,417,71.83176995
light,418,58.06091261
light,419,58.06091261
light,420,61.03839486
light,421,62.15495084
light,422,66.24898905
light,423,69.22647233
light,424,71.45958428
light,425,81.8807737
light,426,91.92977745
light,427,82.25295834
light,428,57.68872695
light,429,36.47416244
light,430,21.2145645
light,431,15.25959898
light,432,10.04900375
light,433,5.210594193
light,434,1.860926277
light,435,1.488741639
light,436,1.860926277
light,437,7.815891806
light,438,10.04900375
light,439,23.81986109
light,440,63.27150681
light,441,71.83176995
light,442,58.06091261
light,443,58.06091261
light,444,61.03839486
light,445,62.15495084
light,446,66.24898905
light,447,69.22647233
light,448,71.45958428
light,449,81.8807737
light,450,91.92977745
light,451,82.25295834
light,452,57.68872695
light,453,36.47416244
light,454,21.2145645
light,455,15.25959898
light,456,10.04900375
light,457,5.210594193
light,458,1.860926277
light,459,1.488741639
light,460,1.860926277
light,461,7.815891806
light,462,10.04900375
light,463,23.81986109
light,464,63.27150681
light,465,71.83176995
light,466,58.06091261
light,467,58.06091261
light,468,61.03839486
light,469,62.15495084
light,470,66.24898905
light,471,69.22647233
light,472,71.45958428
light,473,81.8807737
light,474,91.92977745
light,475,82.25295834
light,476,57.68872695
light,477,36.47416244
light,478,21.2145645
light,479,15.25959898
light,480,10.04900375
light,481,5.210594193
light,482,1.860926277
light,483,1.488741639
light,484,1.860926277
light,485,7.815891806
light,486,10.04900375
light,487,23.81986109
light,488,63.27150681
light,489,71.83176995
light,490,58.06091261
light,491,58.06091261
light,492,61.03839486
light,493,62.15495084
light,494,66.24898905
light,495,69.22647233
light,496,71.45958428
light,497,81.8807737
light,498,91.92977745
light,499,82.25295834
light,500,57.68872695
light,501,36.47416244
light,502,21.2145645
light,503,15.25959898
light,504,17.7604652166667
light,505,15.5911083236667
light,506,9.67095264411111
light,507,6.36608805944444
light,508,4.77568608144444
light,509,4.784646038
light,510,6.664525414
light,511,11.1317813442222
light,512,18.4524582055556
light,513,30.8258884211111
light,514,42.6761907522222
light,515,57.0356412855556
light,516,72.0522741577778
light,517,70.2182291333333
light,518,62.5143440544445
light,519,66.1086871833333
light,520,76.1473447688889
light,521,82.20052218
light,522,88.2123456366667
light,523,87.1371435133333
light,524,76.2490053322222
light,525,61.4904877733333
light,526,38.2558010866667
light,527,23.8873896822222
light,528,16.98931907
light,529,14.5530569106
light,530,8.8899500074
light,531,5.8783534174
light,532,4.484210101
light,533,5.0877706148
light,534,7.0029732476
light,535,12.4005893188
light,536,22.934363066
light,537,34.926476574
light,538,44.214662938
light,539,57.138168418
light,540,70.950886228
light,541,69.411901304
light,542,62.887808554
light,543,66.420465698
light,544,75.67856872
light,545,82.168547332
light,546,88.584088818
light,547,86.648724996
light,548,74.392977494
light,549,58.98885524
light,550,36.551677428
light,551,23.024610612
light,552,11.0129364333333
light,553,6.50815845933333
light,554,2.83717957288889
light,555,2.09840994155556
light,556,2.22527125255556
light,557,7.436986085
light,558,9.625943958
light,559,22.2338511217778
light,560,57.6691257344444
light,561,66.7060347588889
light,562,56.1378223777778
light,563,57.9327536944444
light,564,62.4151297722222
light,565,63.1628606266667
light,566,65.7821584255556
light,567,68.8367491866667
light,568,72.0455543411111
light,569,81.92074226
light,570,91.4650984733333
light,571,82.8634814866667
light,572,60.0087617477778
light,573,39.6012031066667
light,574,23.3447190733333
light,575,16.3380728177778
light,576,10.04900375
light,577,5.210594193
light,578,1.860926277
light,579,1.488741639
light,580,1.860926277
light,581,7.815891806
light,582,10.04900375
light,583,23.81986109
light,584,63.27150681
light,585,71.83176995
light,586,58.06091261
light,587,58.06091261
light,588,61.03839486
light,589,62.15495084
light,590,66.24898905
light,591,69.22647233
light,592,71.45958428
light,593,81.8807737
light,594,91.92977745
light,595,82.25295834
light,596,57.68872695
light,597,36.47416244
light,598,21.2145645
light,599,15.25959898
light,600,10.916543165
light,601,6.3784020327
light,602,2.7395542433
light,603,2.0374431113
light,604,2.188836755
light,605,7.4748766571
light,606,9.6682499372
light,607,22.3924521186
light,608,58.229363842
light,609,67.218608278
light,610,56.330131401
light,611,57.945569586
light,612,62.277456281
light,613,63.062069648
light,614,65.828841488
light,615,68.875721501
light,616,71.986957335
light,617,81.916745404
light,618,91.511566371
light,619,82.802429172
light,620,59.776758268
light,621,39.28849904
light,622,23.131703616
light,623,16.230225434
light,624,10.04900375
light,625,5.210594193
light,626,1.860926277
light,627,1.488741639
light,628,1.860926277
light,629,7.815891806
light,630,10.04900375
light,631,23.81986109
light,632,63.27150681
light,633,71.83176995
light,634,58.06091261
light,635,58.06091261
light,636,61.03839486
light,637,62.15495084
light,638,66.24898905
light,639,69.22647233
light,640,71.45958428
light,641,81.8807737
light,642,91.92977745
light,643,82.25295834
light,644,57.68872695
light,645,36.47416244
light,646,21.2145645
light,647,15.25959898
light,648,10.04900375
light,649,5.210594193
light,650,1.860926277
light,651,1.488741639
light,652,1.860926277
light,653,7.815891806
light,654,10.04900375
light,655,23.81986109
light,656,63.27150681
light,657,71.83176995
light,658,58.06091261
light,659,58.06091261
light,660,61.03839486
light,661,62.15495084
light,662,66.24898905
light,663,69.22647233
light,664,71.45958428
light,665,81.8807737
light,666,91.92977745
light,667,82.25295834
light,668,57.68872695
light,669,36.47416244
light,670,21.2145645
light,671,15.25959898
light,672,17.7604652166667
light,673,15.5911083236667
light,674,9.67095264411111
light,675,6.36608805944444
light,676,4.77568608144444
light,677,4.784646038
light,678,6.664525414
light,679,11.1317813442222
light,680,18.4524582055556
light,681,30.8258884211111
light,682,42.6761907522222
light,683,57.0356412855556
light,684,72.0522741577778
light,685,70.2182291333333
light,686,62.5143440544445
light,687,66.1086871833333
light,688,76.1473447688889
light,689,82.20052218
light,690,88.2123456366667
light,691,87.1371435133333
light,692,76.2490053322222
light,693,61.4904877733333
light,694,38.2558010866667
light,695,23.8873896822222
light,696,18.7243979
light,697,16.88867259
light,698,10.64720594
light,699,6.975756362
light,700,5.140031057
light,701,4.405740317
light,702,6.241465622
light,703,9.545771376
light,704,12.85007713
light,705,25.70015323
light,706,40.75310052
light,707,56.90748237
light,708,73.42900907
light,709,71.22613892
light,710,62.04751343
light,711,65.71896404
light,712,76.73331483
light,713,82.24049074
light,714,87.74766666
light,715,87.74766666
light,716,78.56904013
light,717,64.61752844
light,718,40.38595566
light,719,24.96586352
light,720,10.04900375
light,721,5.210594193
light,722,1.860926277
light,723,1.488741639
light,724,1.860926277
light,725,7.815891806
light,726,10.04900375
light,727,23.81986109
light,728,63.27150681
light,729,71.83176995
light,730,58.06091261
light,731,58.06091261
light,732,61.03839486
light,733,62.15495084
light,734,66.24898905
light,735,69.22647233
light,736,71.45958428
light,737,81.8807737
light,738,91.92977745
light,739,82.25295834
light,740,57.68872695
light,741,36.47416244
light,742,21.2145645
light,743,15.25959898
light,744,10.04900375
light,745,5.210594193
light,746,1.860926277
light,747,1.488741639
light,748,1.860926277
light,749,7.815891806
light,750,10.04900375
light,751,23.81986109
light,752,63.27150681
light,753,71.83176995
light,754,58.06091261
light,755,58.06091261
light,756,61.03839486
light,757,62.15495084
light,758,66.24898905
light,759,69.22647233
light,760,71.45958428
light,761,81.8807737
light,762,91.92977745
light,763,82.25295834
light,764,57.68872695
light,765,36.47416244
light,766,21.2145645
light,767,15.25959898
light,768,11.13342801875
light,769,6.670353992625
light,770,2.959211234875
light,771,2.174618479375
light,772,2.2708143745
light,773,7.389622869875
light,774,9.573061484
light,775,22.03559987575
light,776,56.9688281
light,777,66.06531786
light,778,55.89743609875
light,779,57.91673383
light,780,62.58722163625
light,781,63.28884935
light,782,65.7238045975
light,783,68.78803379375
light,784,72.11880059875
light,785,81.92573833
light,786,91.40701360125
light,787,82.93979688
light,788,60.2987660975
light,789,39.99208319
light,790,23.610988395
light,791,16.4728820475
light,792,10.04900375
light,793,5.210594193
light,794,1.860926277
light,795,1.488741639
light,796,1.860926277
light,797,7.815891806
light,798,10.04900375
light,799,23.81986109
light,800,63.27150681
light,801,71.83176995
light,802,58.06091261
light,803,58.06091261
light,804,61.03839486
light,805,62.15495084
light,806,66.24898905
light,807,69.22647233
light,808,71.45958428
light,809,81.8807737
light,810,91.92977745
light,811,82.25295834
light,812,57.68872695
light,813,36.47416244
light,814,21.2145645
light,815,15.25959898
light,816,10.04900375
light,817,5.210594193
light,818,1.860926277
light,819,1.488741639
light,820,1.860926277
light,821,7.815891806
light,822,10.04900375
light,823,23.81986109
light,824,63.27150681
light,825,71.83176995
light,826,58.06091261
light,827,58.06091261
light,828,61.03839486
light,829,62.15495084
light,830,66.24898905
light,831,69.22647233
light,832,71.45958428
light,833,81.8807737
light,834,91.92977745
light,835,82.25295834
light,836,57.68872695
light,837,36.47416244
light,838,21.2145645
light,839,15.25959898
light,840,17.7604652166667
light,841,15.5911083236667
light,842,9.67095264411111
light,843,6.36608805944444
light,844,4.77568608144444
light,845,4.784646038
light,846,6.664525414
light,847,11.1317813442222
light,848,18.4524582055556
light,849,30.8258884211111
light,850,42.6761907522222
light,851,57.0356412855556
light,852,72.0522741577778
light,853,70.2182291333333
light,854,62.5143440544445
light,855,66.1086871833333
light,856,76.1473447688889
light,857,82.20052218
light,858,88.2123456366667
light,859,87.1371435133333
light,860,76.2490053322222
light,861,61.4904877733333
light,862,38.2558010866667
light,863,23.8873896822222
light,864,18.7243979
light,865,16.88867259
light,866,10.64720594
light,867,6.975756362
light,868,5.140031057
light,869,4.405740317
light,870,6.241465622
light,871,9.545771376
light,872,12.85007713
light,873,25.70015323
light,874,40.75310052
light,875,56.90748237
light,876,73.42900907
light,877,71.22613892
light,878,62.04751343
light,879,65.71896404
light,880,76.73331483
light,881,82.24049074
light,882,87.74766666
light,883,87.74766666
light,884,78.56904013
light,885,64.61752844
light,886,40.38595566
light,887,24.96586352
light,888,11.13342801875
light,889,6.670353992625
light,890,2.959211234875
light,891,2.174618479375
light,892,2.2708143745
light,893,7.389622869875
light,894,9.573061484
light,895,22.03559987575
light,896,56.9688281
light,897,66.06531786
light,898,55.89743609875
light,899,57.91673383
light,900,62.58722163625
light,901,63.28884935
light,902,65.7238045975
light,903,68.78803379375
light,904,72.11880059875
light,905,81.92573833
light,906,91.40701360125
light,907,82.93979688
light,908,60.2987660975
light,909,39.99208319
light,910,23.610988395
light,911,16.4728820475
light,912,10.04900375
light,913,5.210594193
light,914,1.860926277
light,915,1.488741639
light,916,1.860926277
light,917,7.815891806
light,918,10.04900375
light,919,23.81986109
light,920,63.27150681
light,921,71.83176995
light,922,58.06091261
light,923,58.06091261
light,924,61.03839486
light,925,62.15495084
light,926,66.24898905
light,927,69.22647233
light,928,71.45958428
light,929,81.8807737
light,930,91.92977745
light,931,82.25295834
light,932,57.68872695
light,933,36.47416244
light,934,21.2145645
light,935,15.25959898
light,936,11.0129364333333
light,937,6.50815845933333
light,938,2.83717957288889
light,939,2.09840994155556
light,940,2.22527125255556
light,941,7.436986085
light,942,9.625943958
light,943,22.2338511217778
light,944,57.6691257344444
light,945,66.7060347588889
light,946,56.1378223777778
light,947,57.9327536944444
light,948,62.4151297722222
light,949,63.1628606266667
light,950,65.7821584255556
light,951,68.8367491866667
light,952,72.0455543411111
light,953,81.92074226
light,954,91.4650984733333
light,955,82.8634814866667
light,956,60.0087617477778
light,957,39.6012031066667
light,958,23.3447190733333
light,959,16.3380728177778
light,960,10.04900375
light,961,5.210594193
light,962,1.860926277
light,963,1.488741639
light,964,1.860926277
light,965,7.815891806
light,966,10.04900375
light,967,23.81986109
light,968,63.27150681
light,969,71.83176995
light,970,58.06091261
light,971,58.06091261
light,972,61.03839486
light,973,62.15495084
light,974,66.24898905
light,975,69.22647233
light,976,71.45958428
light,977,81.8807737
light,978,91.92977745
light,979,82.25295834
light,980,57.68872695
light,981,36.47416244
light,982,21.2145645
light,983,15.25959898
light,984,10.04900375
light,985,5.210594193
light,986,1.860926277
light,987,1.488741639
light,988,1.860926277
light,989,7.815891806
light,990,10.04900375
light,991,23.81986109
light,992,63.27150681
light,993,71.83176995
light,994,58.06091261
light,995,58.06091261
light,996,61.03839486
light,997,62.15495084
light,998,66.24898905
light,999,69.22647233
light,1000,71.45958428
light,1001,81.8807737
light,1002,91.92977745
light,1003,82.25295834
light,1004,57.68872695
light,1005,36.47416244
light,1006,21.2145645
light,1007,15.25959898
bus,0,0.084321185
bus,1,0
bus,2,0
bus,3,0
bus,4,0
bus,5,0
bus,6,0
bus,7,0.41823306
bus,8,0.769009179
bus,9,1.308664743
bus,10,1.001735641
bus,11,0.704925086
bus,12,0.340657572
bus,13,0.27657348
bus,14,0.333911884
bus,15,0.337284732
bus,16,0.327166186
bus,17,0.367640354
bus,18,0.516045631
bus,19,0.752144943
bus,20,0.856703213
bus,21,0.148405278
bus,22,0.239472161
bus,23,0.134913891
bus,24,0.084321185
bus,25,0
bus,26,0
bus,27,0
bus,28,0
bus,29,0
bus,30,0
bus,31,0.41823306
bus,32,0.769009179
bus,33,1.308664743
bus,34,1.001735641
bus,35,0.704925086
bus,36,0.340657572
bus,37,0.27657348
bus,38,0.333911884
bus,39,0.337284732
bus,40,0.327166186
bus,41,0.367640354
bus,42,0.516045631
bus,43,0.752144943
bus,44,0.856703213
bus,45,0.148405278
bus,46,0.239472161
bus,47,0.134913891
bus,48,0.084321185
bus,49,0
bus,50,0
bus,51,0
bus,52,0
bus,53,0
bus,54,0
bus,55,0.41823306
bus,56,0.769009179
bus,57,1.308664743
bus,58,1.001735641
bus,59,0.704925086
bus,60,0.340657572
bus,61,0.27657348
bus,62,0.333911884
bus,63,0.337284732
bus,64,0.327166186
bus,65,0.367640354
bus,66,0.516045631
bus,67,0.752144943
bus,68,0.856703213
bus,69,0.148405278
bus,70,0.239472161
bus,71,0.134913891
bus,72,0.084321185
bus,73,0
bus,74,0
bus,75,0
bus,76,0
bus,77,0
bus,78,0
bus,79,0.41823306
bus,80,0.769009179
bus,81,1.308664743
bus,82,1.001735641
bus,83,0.704925086
bus,84,0.340657572
bus,85,0.27657348
bus,86,0.333911884
bus,87,0.337284732
bus,88,0.327166186
bus,89,0.367640354
bus,90,0.516045631
bus,91,0.752144943
bus,92,0.856703213
bus,93,0.148405278
bus,94,0.239472161
bus,95,0.134913891
bus,96,0.084321185
bus,97,0
bus,98,0
bus,99,0
bus,100,0
bus,101,0
bus,102,0
bus,103,0.41823306
bus,104,0.769009179
bus,105,1.308664743
bus,106,1.001735641
bus,107,0.704925086
bus,108,0.340657572
bus,109,0.27657348
bus,110,0.333911884
bus,111,0.337284732
bus,112,0.327166186
bus,113,0.367640354
bus,114,0.516045631
bus,115,0.752144943
bus,116,0.856703213
bus,117,0.148405278
bus,118,0.239472161
bus,119,0.134913891
bus,120,0.084321185
bus,121,0
bus,122,0
bus,123,0
bus,124,0
bus,125,0
bus,126,0
bus,127,0.41823306
bus,128,0.769009179
bus,129,1.308664743
bus,130,1.001735641
bus,131,0.704925086
bus,132,0.340657572
bus,133,0.27657348
bus,134,0.333911884
bus,135,0.337284732
bus,136,0.327166186
bus,137,0.367640354
bus,138,0.516045631
bus,139,0.752144943
bus,140,0.856703213
bus,141,0.148405278
bus,142,0.239472161
bus,143,0.134913891
bus,144,0.084321185
bus,145,0
bus,146,0
bus,147,0
bus,148,0
bus,149,0
bus,150,0
bus,151,0.41823306
bus,152,0.769009179
bus,153,1.308664743
bus,154,1.001735641
bus,155,0.704925086
bus,156,0.340657572
bus,157,0.27657348
bus,158,0.333911884
bus,159,0.337284732
bus,160,0.327166186
bus,161,0.367640354
bus,162,0.516045631
bus,163,0.752144943
bus,164,0.856703213
bus,165,0.148405278
bus,166,0.239472161
bus,167,0.134913891
bus,168,0.084321185
bus,169,0
bus,170,0
bus,171,0
bus,172,0
bus,173,0
bus,174,0
bus,175,0.41823306
bus,176,0.769009179
bus,177,1.308664743
bus,178,1.001735641
bus,179,0.704925086
bus,180,0.340657572
bus,181,0.27657348
bus,182,0.333911884
bus,183,0.337284732
bus,184,0.327166186
bus,185,0.367640354
bus,186,0.516045631
bus,187,0.752144943
bus,188,0.856703213
bus,189,0.148405278
bus,190,0.239472161
bus,191,0.134913891
bus,192,0.084321185
bus,193,0
bus,194,0
bus,195,0
bus,196,0
bus,197,0
bus,198,0
bus,199,0.41823306
bus,200,0.769009179
bus,201,1.308664743
bus,202,1.001735641
bus,203,0.704925086
bus,204,0.340657572
bus,205,0.27657348
bus,206,0.333911884
bus,207,0.337284732
bus,208,0.327166186
bus,209,0.367640354
bus,210,0.516045631
bus,211,0.752144943
bus,212,0.856703213
bus,213,0.148405278
bus,214,0.239472161
bus,215,0.134913891
bus,216,0.084321185
bus,217,0
bus,218,0
bus,219,0
bus,220,0
bus,221,0
bus,222,0
bus,223,0.41823306
bus,224,0.769009179
bus,225,1.308664743
bus,226,1.001735641
bus,227,0.704925086
bus,228,0.340657572
bus,229,0.27657348
bus,230,0.333911884
bus,231,0.337284732
bus,232,0.327166186
bus,233,0.367640354
bus,234,0.516045631
bus,235,0.752144943
bus,236,0.856703213
bus,237,0.148405278
bus,238,0.239472161
bus,239,0.134913891
bus,240,0.084321185
bus,241,0
bus,242,0
bus,243,0
bus,244,0
bus,245,0
bus,246,0
bus,247,0.41823306
bus,248,0.769009179
bus,249,1.308664743
bus,250,1.001735641
bus,251,0.704925086
bus,252,0.340657572
bus,253,0.27657348
bus,254,0.333911884
bus,255,0.337284732
bus,256,0.327166186
bus,257,0.367640354
bus,258,0.516045631
bus,259,0.752144943
bus,260,0.856703213
bus,261,0.148405278
bus,262,0.239472161
bus,263,0.134913891
bus,264,0.084321185
bus,265,0
bus,266,0
bus,267,0
bus,268,0
bus,269,0
bus,270,0
bus,271,0.41823306
bus,272,0.769009179
bus,273,1.308664743
bus,274,1.001735641
bus,275,0.704925086
bus,276,0.340657572
bus,277,0.27657348
bus,278,0.333911884
bus,279,0.337284732
bus,280,0.327166186
bus,281,0.367640354
bus,282,0.516045631
bus,283,0.752144943
bus,284,0.856703213
bus,285,0.148405278
bus,286,0.239472161
bus,287,0.134913891
bus,288,0.084321185
bus,289,0
bus,290,0
bus,291,0
bus,292,0
bus,293,0
bus,294,0
bus,295,0.41823306
bus,296,0.769009179
bus,297,1.308664743
bus,298,1.001735641
bus,299,0.704925086
bus,300,0.340657572
bus,301,0.27657348
bus,302,0.333911884
bus,303,0.337284732
bus,304,0.327166186
bus,305,0.367640354
bus,306,0.516045631
bus,307,0.752144943
bus,308,0.856703213
bus,309,0.148405278
bus,310,0.239472161
bus,311,0.134913891
bus,312,0.084321185
bus,313,0
bus,314,0
bus,315,0
bus,316,0
bus,317,0
bus,318,0
bus,319,0.41823306
bus,320,0.769009179
bus,321,1.308664743
bus,322,1.001735641
bus,323,0.704925086
bus,324,0.340657572
bus,325,0.27657348
bus,326,0.333911884
bus,327,0.337284732
bus,328,0.327166186
bus,329,0.367640354
bus,330,0.516045631
bus,331,0.752144943
bus,332,0.856703213
bus,333,0.148405278
bus,334,0.239472161
bus,335,0.134913891
bus,336,0.084321185
bus,337,0
bus,338,0
bus,339,0
bus,340,0
bus,341,0
bus,342,0
bus,343,0.41823306
bus,344,0.769009179
bus,345,1.308664743
bus,346,1.001735641
bus,347,0.704925086
bus,348,0.340657572
bus,349,0.27657348
bus,350,0.333911884
bus,351,0.337284732
bus,352,0.327166186
bus,353,0.367640354
bus,354,0.516045631
bus,355,0.752144943
bus,356,0.856703213
bus,357,0.148405278
bus,358,0.239472161
bus,359,0.134913891
bus,360,0.084321185
bus,361,0
bus,362,0
bus,363,0
bus,364,0
bus,365,0
bus,366,0
bus,367,0.41823306
bus,368,0.769009179
bus,369,1.308664743
bus,370,1.001735641
bus,371,0.704925086
bus,372,0.340657572
bus,373,0.27657348
bus,374,0.333911884
bus,375,0.337284732
bus,376,0.327166186
bus,377,0.367640354
bus,378,0.516045631
bus,379,0.752144943
bus,380,0.856703213
bus,381,0.148405278
bus,382,0.239472161
bus,383,0.134913891
bus,384,0.084321185
bus,385,0
bus,386,0
bus,387,0
bus,388,0
bus,389,0
bus,390,0
bus,391,0.41823306
bus,392,0.769009179
bus,393,1.308664743
bus,394,1.001735641
bus,395,0.704925086
bus,396,0.340657572
bus,397,0.27657348
bus,398,0.333911884
bus,399,0.337284732
bus,400,0.327166186
bus,401,0.367640354
bus,402,0.516045631
bus,403,0.752144943
bus,404,0.856703213
bus,405,0.148405278
bus,406,0.239472161
bus,407,0.134913891
bus,408,0.084321185
bus,409,0
bus,410,0
bus,411,0
bus,412,0
bus,413,0
bus,414,0
bus,415,0.41823306
bus,416,0.769009179
bus,417,1.308664743
bus,418,1.001735641
bus,419,0.704925086
bus,420,0.340657572
bus,421,0.27657348
bus,422,0.333911884
bus,423,0.337284732
bus,424,0.327166186
bus,425,0.367640354
bus,426,0.516045631
bus,427,0.752144943
bus,428,0.856703213
bus,429,0.148405278
bus,430,0.239472161
bus,431,0.134913891
bus,432,0.084321185
bus,433,0
bus,434,0
bus,435,0
bus,436,0
bus,437,0
bus,438,0
bus,439,0.41823306
bus,440,0.769009179
bus,441,1.308664743
bus,442,1.001735641
bus,443,0.704925086
bus,444,0.340657572
bus,445,0.27657348
bus,446,0.333911884
bus,447,0.337284732
bus,448,0.327166186
bus,449,0.367640354
bus,450,0.516045631
bus,451,0.752144943
bus,452,0.856703213
bus,453,0.148405278
bus,454,0.239472161
bus,455,0.134913891
bus,456,0.084321185
bus,457,0
bus,458,0
bus,459,0
bus,460,0
bus,461,0
bus,462,0
bus,463,0.41823306
bus,464,0.769009179
bus,465,1.308664743
bus,466,1.001735641
bus,467,0.704925086
bus,468,0.340657572
bus,469,0.27657348
bus,470,0.333911884
bus,471,0.337284732
bus,472,0.327166186
bus,473,0.367640354
bus,474,0.516045631
bus,475,0.752144943
bus,476,0.856703213
bus,477,0.148405278
bus,478,0.239472161
bus,479,0.134913891
bus,480,0.084321185
bus,481,0
bus,482,0
bus,483,0
bus,484,0
bus,485,0
bus,486,0
bus,487,0.41823306
bus,488,0.769009179
bus,489,1.308664743
bus,490,1.001735641
bus,491,0.704925086
bus,492,0.340657572
bus,493,0.27657348
bus,494,0.333911884
bus,495,0.337284732
bus,496,0.327166186
bus,497,0.367640354
bus,498,0.516045631
bus,499,0.752144943
bus,500,0.856703213
bus,501,0.148405278
bus,502,0.239472161
bus,503,0.134913891
bus,504,0.084321185
bus,505,0
bus,506,0
bus,507,0
bus,508,0
bus,509,0
bus,510,0
bus,511,0.41823306
bus,512,0.769009179
bus,513,1.308664743
bus,514,1.001735641
bus,515,0.704925086
bus,516,0.340657572
bus,517,0.27657348
bus,518,0.333911884
bus,519,0.337284732
bus,520,0.327166186
bus,521,0.367640354
bus,522,0.516045631
bus,523,0.752144943
bus,524,0.856703213
bus,525,0.148405278
bus,526,0.239472161
bus,527,0.134913891
bus,528,0.084321185
bus,529,0
bus,530,0
bus,531,0
bus,532,0
bus,533,0
bus,534,0
bus,535,0.41823306
bus,536,0.769009179
bus,537,1.308664743
bus,538,1.001735641
bus,539,0.704925086
bus,540,0.340657572
bus,541,0.27657348
bus,542,0.333911884
bus,543,0.337284732
bus,544,0.327166186
bus,545,0.367640354
bus,546,0.516045631
bus,547,0.752144943
bus,548,0.856703213
bus,549,0.148405278
bus,550,0.239472161
bus,551,0.134913891
bus,552,0.084321185
bus,553,0
bus,554,0
bus,555,0
bus,556,0
bus,557,0
bus,558,0
bus,559,0.41823306
bus,560,0.769009179
bus,561,1.308664743
bus,562,1.001735641
bus,563,0.704925086
bus,564,0.340657572
bus,565,0.27657348
bus,566,0.333911884
bus,567,0.337284732
bus,568,0.327166186
bus,569,0.367640354
bus,570,0.516045631
bus,571,0.752144943
bus,572,0.856703213
bus,573,0.148405278
bus,574,0.239472161
bus,575,0.134913891
bus,576,0.084321185
bus,577,0
bus,578,0
bus,579,0
bus,580,0
bus,581,0
bus,582,0
bus,583,0.41823306
bus,584,0.769009179
bus,585,1.308664743
bus,586,1.001735641
bus,587,0.704925086
bus,588,0.340657572
bus,589,0.27657348
bus,590,0.333911884
bus,591,0.337284732
bus,592,0.327166186
bus,593,0.367640354
bus,594,0.516045631
bus,595,0.752144943
bus,596,0.856703213
bus,597,0.148405278
bus,598,0.239472161
bus,599,0.134913891
bus,600,0.084321185
bus,601,0
bus,602,0
bus,603,0
bus,604,0
bus,605,0
bus,606,0
bus,607,0.41823306
bus,608,0.769009179
bus,609,1.308664743
bus,610,1.001735641
bus,611,0.704925086
bus,612,0.340657572
bus,613,0.27657348
bus,614,0.333911884
bus,615,0.337284732
bus,616,0.327166186
bus,617,0.367640354
bus,618,0.516045631
bus,619,0.752144943
bus,620,0.856703213
bus,621,0.148405278
bus,622,0.239472161
bus,623,0.134913891
bus,624,0.084321185
bus,625,0
bus,626,0
bus,627,0
bus,628,0
bus,629,0
bus,630,0
bus,631,0.41823306
bus,632,0.769009179
bus,633,1.308664743
bus,634,1.001735641
bus,635,0.704925086
bus,636,0.340657572
bus,637,0.27657348
bus,638,0.333911884
bus,639,0.337284732
bus,640,0.327166186
bus,641,0.367640354
bus,642,0.516045631
bus,643,0.752144943
bus,644,0.856703213
bus,645,0.148405278
bus,646,0.239472161
bus,647,0.134913891
bus,648,0.084321185
bus,649,0
bus,650,0
bus,651,0
bus,652,0
bus,653,0
bus,654,0
bus,655,0.41823306
bus,656,0.769009179
bus,657,1.308664743
bus,658,1.001735641
bus,659,0.704925086
bus,660,0.340657572
bus,661,0.27657348
bus,662,0.333911884
bus,663,0.337284732
bus,664,0.327166186
bus,665,0.367640354
bus,666,0.516045631
bus,667,0.752144943
bus,668,0.856703213
bus,669,0.148405278
bus,670,0.239472161
bus,671,0.134913891
bus,672,0.084321185
bus,673,0
bus,674,0
bus,675,0
bus,676,0
bus,677,0
bus,678,0
bus,679,0.41823306
bus,680,0.769009179
bus,681,1.308664743
bus,682,1.001735641
bus,683,0.704925086
bus,684,0.340657572
bus,685,0.27657348
bus,686,0.333911884
bus,687,0.337284732
bus,688,0.327166186
bus,689,0.367640354
bus,690,0.516045631
bus,691,0.752144943
bus,692,0.856703213
bus,693,0.148405278
bus,694,0.239472161
bus,695,0.134913891
bus,696,0.084321185
bus,697,0
bus,698,0
bus,699,0
bus,700,0
bus,701,0
bus,702,0
bus,703,0.41823306
bus,704,0.769009179
bus,705,1.308664743
bus,706,1.001735641
bus,707,0.704925086
bus,708,0.340657572
bus,709,0.27657348
bus,710,0.333911884
bus,711,0.337284732
bus,712,0.327166186
bus,713,0.367640354
bus,714,0.516045631
bus,715,0.752144943
bus,716,0.856703213
bus,717,0.148405278
bus,718,0.239472161
bus,719,0.134913891
bus,720,0.084321185
bus,721,0
bus,722,0
bus,723,0
bus,724,0
bus,725,0
bus,726,0
bus,727,0.41823306
bus,728,0.769009179
bus,729,1.308664743
bus,730,1.001735641
bus,731,0.704925086
bus,732,0.340657572
bus,733,0.27657348
bus,734,0.333911884
bus,735,0.337284732
bus,736,0.327166186
bus,737,0.367640354
bus,738,0.516045631
bus,739,0.752144943
bus,740,0.856703213
bus,741,0.148405278
bus,742,0.239472161
bus,743,0.134913891
bus,744,0.084321185
bus,745,0
bus,746,0
bus,747,0
bus,748,0
bus,749,0
bus,750,0
bus,751,0.41823306
bus,752,0.769009179
bus,753,1.308664743
bus,754,1.001735641
bus,755,0.704925086
bus,756,0.340657572
bus,757,0.27657348
bus,758,0.333911884
bus,759,0.337284732
bus,760,0.327166186
bus,761,0.367640354
bus,762,0.516045631
bus,763,0.752144943
bus,764,0.856703213
bus,765,0.148405278
bus,766,0.239472161
bus,767,0.134913891
bus,768,0.084321185
bus,769,0
bus,770,0
bus,771,0
bus,772,0
bus,773,0
bus,774,0
bus,775,0.41823306
bus,776,0.769009179
bus,777,1.308664743
bus,778,1.001735641
bus,779,0.704925086
bus,780,0.340657572
bus,781,0.27657348
bus,782,0.333911884
bus,783,0.337284732
bus,784,0.327166186
bus,785,0.367640354
bus,786,0.516045631
bus,787,0.752144943
bus,788,0.856703213
bus,789,0.148405278
bus,790,0.239472161
bus,791,0.134913891
bus,792,0.084321185
bus,793,0
bus,794,0
bus,795,0
bus,796,0
bus,797,0
bus,798,0
bus,799,0.41823306
bus,800,0.769009179
bus,801,1.308664743
bus,802,1.001735641
bus,803,0.704925086
bus,804,0.340657572
bus,805,0.27657348
bus,806,0.333911884
bus,807,0.337284732
bus,808,0.327166186
bus,809,0.367640354
bus,810,0.516045631
bus,811,0.752144943
bus,812,0.856703213
bus,813,0.148405278
bus,814,0.239472161
bus,815,0.134913891
bus,816,0.084321185
bus,817,0
bus,818,0
bus,819,0
bus,820,0
bus,821,0
bus,822,0
bus,823,0.41823306
bus,824,0.769009179
bus,825,1.308664743
bus,826,1.001735641
bus,827,0.704925086
bus,828,0.340657572
bus,829,0.27657348
bus,830,0.333911884
bus,831,0.337284732
bus,832,0.327166186
bus,833,0.367640354
bus,834,0.516045631
bus,835,0.752144943
bus,836,0.856703213
bus,837,0.148405278
bus,838,0.239472161
bus,839,0.134913891
bus,840,0.084321185
bus,841,0
bus,842,0
bus,843,0
bus,844,0
bus,845,0
bus,846,0
bus,847,0.41823306
bus,848,0.769009179
bus,849,1.308664743
bus,850,1.001735641
bus,851,0.704925086
bus,852,0.340657572
bus,853,0.27657348
bus,854,0.333911884
bus,855,0.337284732
bus,856,0.327166186
bus,857,0.367640354
bus,858,0.516045631
bus,859,0.752144943
bus,860,0.856703213
bus,861,0.148405278
bus,862,0.239472161
bus,863,0.134913891
bus,864,0.084321185
bus,865,0
bus,866,0
bus,867,0
bus,868,0
bus,869,0
bus,870,0
bus,871,0.41823306
bus,872,0.769009179
bus,873,1.308664743
bus,874,1.001735641
bus,875,0.704925086
bus,876,0.340657572
bus,877,0.27657348
bus,878,0.333911884
bus,879,0.337284732
bus,880,0.327166186
bus,881,0.367640354
bus,882,0.516045631
bus,883,0.752144943
bus,884,0.856703213
bus,885,0.148405278
bus,886,0.239472161
bus,887,0.134913891
bus,888,0.084321185
bus,889,0
bus,890,0
bus,891,0
bus,892,0
bus,893,0
bus,894,0
bus,895,0.41823306
bus,896,0.769009179
bus,897,1.308664743
bus,898,1.001735641
bus,899,0.704925086
bus,900,0.340657572
bus,901,0.27657348
bus,902,0.333911884
bus,903,0.337284732
bus,904,0.327166186
bus,905,0.367640354
bus,906,0.516045631
bus,907,0.752144943
bus,908,0.856703213
bus,909,0.148405278
bus,910,0.239472161
bus,911,0.134913891
bus,912,0.084321185
bus,913,0
bus,914,0
bus,915,0
bus,916,0
bus,917,0
bus,918,0
bus,919,0.41823306
bus,920,0.769009179
bus,921,1.308664743
bus,922,1.001735641
bus,923,0.704925086
bus,924,0.340657572
bus,925,0.27657348
bus,926,0.333911884
bus,927,0.337284732
bus,928,0.327166186
bus,929,0.367640354
bus,930,0.516045631
bus,931,0.752144943
bus,932,0.856703213
bus,933,0.148405278
bus,934,0.239472161
bus,935,0.134913891
bus,936,0.084321185
bus,937,0
bus,938,0
bus,939,0
bus,940,0
bus,941,0
bus,942,0
bus,943,0.41823306
bus,944,0.769009179
bus,945,1.308664743
bus,946,1.001735641
bus,947,0.704925086
bus,948,0.340657572
bus,949,0.27657348
bus,950,0.333911884
bus,951,0.337284732
bus,952,0.327166186
bus,953,0.367640354
bus,954,0.516045631
bus,955,0.752144943
bus,956,0.856703213
bus,957,0.148405278
bus,958,0.239472161
bus,959,0.134913891
bus,960,0.084321185
bus,961,0
bus,962,0
bus,963,0
bus,964,0
bus,965,0
bus,966,0
bus,967,0.41823306
bus,968,0.769009179
bus,969,1.308664743
bus,970,1.001735641
bus,971,0.704925086
bus,972,0.340657572
bus,973,0.27657348
bus,974,0.333911884
bus,975,0.337284732
bus,976,0.327166186
bus,977,0.367640354
bus,978,0.516045631
bus,979,0.752144943
bus,980,0.856703213
bus,981,0.148405278
bus,982,0.239472161
bus,983,0.134913891
bus,984,0.084321185
bus,985,0
bus,986,0
bus,987,0
bus,988,0
bus,989,0
bus,990,0
bus,991,0.41823306
bus,992,0.769009179
bus,993,1.308664743
bus,994,1.001735641
bus,995,0.704925086
bus,996,0.340657572
bus,997,0.27657348
bus,998,0.333911884
bus,999,0.337284732
bus,1000,0.327166186
bus,1001,0.367640354
bus,1002,0.516045631
bus,1003,0.752144943
bus,1004,0.856703213
bus,1005,0.148405278
bus,1006,0.239472161
bus,1007,0.134913891
