offshore_f,0,0.598607142857143
offshore_f,1,0.5985
offshore_f,2,0.597875
offshore_f,3,0.601535714285714
offshore_f,4,0.611839285714286
offshore_f,5,0.624857142857143
offshore_f,6,0.637607142857143
offshore_f,7,0.65125
offshore_f,8,0.657732142857143
offshore_f,9,0.657535714285714
offshore_f,10,0.654910714285714
offshore_f,11,0.646482142857143
offshore_f,12,0.640803571428571
offshore_f,13,0.638875
offshore_f,14,0.641339285714286
offshore_f,15,0.654303571428571
offshore_f,16,0.670125
offshore_f,17,0.687696428571429
offshore_f,18,0.701625
offshore_f,19,0.710857142857143
offshore_f,20,0.716553571428571
offshore_f,21,0.713875
offshore_f,22,0.704892857142857
offshore_f,23,0.694714285714286
offshore_f,24,0.685357142857143
offshore_f,25,0.678589285714286
offshore_f,26,0.673910714285714
offshore_f,27,0.673642857142857
offshore_f,28,0.674875
offshore_f,29,0.674392857142857
offshore_f,30,0.665946428571429
offshore_f,31,0.649732142857143
offshore_f,32,0.627928571428571
offshore_f,33,0.597
offshore_f,34,0.563696428571429
offshore_f,35,0.538732142857143
offshore_f,36,0.520178571428571
offshore_f,37,0.514392857142857
offshore_f,38,0.509
offshore_f,39,0.509357142857143
offshore_f,40,0.515785714285714
offshore_f,41,0.526089285714286
offshore_f,42,0.535821428571429
offshore_f,43,0.538
offshore_f,44,0.538482142857143
offshore_f,45,0.535071428571429
offshore_f,46,0.529303571428571
offshore_f,47,0.527875
offshore_f,48,0.585020833333333
offshore_f,49,0.5896875
offshore_f,50,0.5966875
offshore_f,51,0.599458333333333
offshore_f,52,0.599666666666667
offshore_f,53,0.600770833333333
offshore_f,54,0.601708333333333
offshore_f,55,0.59875
offshore_f,56,0.592145833333333
offshore_f,57,0.576916666666667
offshore_f,58,0.5639375
offshore_f,59,0.556125
offshore_f,60,0.5510625
offshore_f,61,0.5473125
offshore_f,62,0.546166666666667
offshore_f,63,0.550770833333333
offshore_f,64,0.5720625
offshore_f,65,0.591354166666667
offshore_f,66,0.601270833333333
offshore_f,67,0.60375
offshore_f,68,0.600395833333333
offshore_f,69,0.590416666666667
offshore_f,70,0.574083333333333
offshore_f,71,0.551645833333333
offshore_f,72,0.518057692307692
offshore_f,73,0.511211538461538
offshore_f,74,0.512096153846154
offshore_f,75,0.522596153846154
offshore_f,76,0.533769230769231
offshore_f,77,0.539442307692308
offshore_f,78,0.540576923076923
offshore_f,79,0.532461538461538
offshore_f,80,0.520538461538462
offshore_f,81,0.505076923076923
offshore_f,82,0.502538461538461
offshore_f,83,0.498634615384615
offshore_f,84,0.495173076923077
offshore_f,85,0.484423076923077
offshore_f,86,0.474365384615385
offshore_f,87,0.47975
offshore_f,88,0.495288461538462
offshore_f,89,0.520673076923077
offshore_f,90,0.541403846153846
offshore_f,91,0.556
offshore_f,92,0.562269230769231
offshore_f,93,0.555711538461538
offshore_f,94,0.540346153846154
offshore_f,95,0.524596153846154
offshore_f,96,0.538288461538462
offshore_f,97,0.537673076923077
offshore_f,98,0.53875
offshore_f,99,0.543057692307692
offshore_f,100,0.551865384615385
offshore_f,101,0.560057692307692
offshore_f,102,0.564403846153846
offshore_f,103,0.563019230769231
offshore_f,104,0.565538461538462
offshore_f,105,0.564923076923077
offshore_f,106,0.557923076923077
offshore_f,107,0.550596153846154
offshore_f,108,0.545942307692308
offshore_f,109,0.555826923076923
offshore_f,110,0.580134615384615
offshore_f,111,0.611057692307692
offshore_f,112,0.637230769230769
offshore_f,113,0.659423076923077
offshore_f,114,0.679461538461538
offshore_f,115,0.685923076923077
offshore_f,116,0.688057692307692
offshore_f,117,0.692230769230769
offshore_f,118,0.703923076923077
offshore_f,119,0.714076923076923
offshore_f,120,0.712520833333333
offshore_f,121,0.710270833333333
offshore_f,122,0.706541666666667
offshore_f,123,0.7075625
offshore_f,124,0.7155625
offshore_f,125,0.720958333333333
offshore_f,126,0.724145833333333
offshore_f,127,0.725333333333333
offshore_f,128,0.72275
offshore_f,129,0.711666666666667
offshore_f,130,0.701479166666667
offshore_f,131,0.686958333333333
offshore_f,132,0.675875
offshore_f,133,0.662875
offshore_f,134,0.6435625
offshore_f,135,0.6381875
offshore_f,136,0.654145833333333
offshore_f,137,0.6735
offshore_f,138,0.68725
offshore_f,139,0.698770833333333
offshore_f,140,0.699604166666667
offshore_f,141,0.683875
offshore_f,142,0.666020833333333
offshore_f,143,0.651770833333333
offshore_f,144,0.639153846153846
offshore_f,145,0.631038461538462
offshore_f,146,0.627692307692308
offshore_f,147,0.633923076923077
offshore_f,148,0.648192307692308
offshore_f,149,0.652673076923077
offshore_f,150,0.648019230769231
offshore_f,151,0.637173076923077
offshore_f,152,0.622192307692308
offshore_f,153,0.610673076923077
offshore_f,154,0.598307692307692
offshore_f,155,0.586288461538461
offshore_f,156,0.573634615384615
offshore_f,157,0.563096153846154
offshore_f,158,0.556673076923077
offshore_f,159,0.559538461538462
offshore_f,160,0.569788461538462
offshore_f,161,0.588634615384615
offshore_f,162,0.611096153846154
offshore_f,163,0.624596153846154
offshore_f,164,0.635211538461538
offshore_f,165,0.639326923076923
offshore_f,166,0.637980769230769
offshore_f,167,0.631153846153846
offshore_f,168,0.395464285714286
offshore_f,169,0.387910714285714
offshore_f,170,0.382517857142857
offshore_f,171,0.388482142857143
offshore_f,172,0.393303571428571
offshore_f,173,0.381410714285714
offshore_f,174,0.36325
offshore_f,175,0.354
offshore_f,176,0.361107142857143
offshore_f,177,0.365464285714286
offshore_f,178,0.364446428571429
offshore_f,179,0.367982142857143
offshore_f,180,0.385160714285714
offshore_f,181,0.411857142857143
offshore_f,182,0.442660714285714
offshore_f,183,0.471910714285714
offshore_f,184,0.492946428571429
offshore_f,185,0.501910714285714
offshore_f,186,0.506964285714286
offshore_f,187,0.512857142857143
offshore_f,188,0.517571428571429
offshore_f,189,0.515160714285714
offshore_f,190,0.507446428571429
offshore_f,191,0.493892857142857
offshore_f,192,0.462666666666667
offshore_f,193,0.455229166666667
offshore_f,194,0.456604166666667
offshore_f,195,0.460145833333333
offshore_f,196,0.4639375
offshore_f,197,0.4583125
offshore_f,198,0.450104166666667
offshore_f,199,0.454020833333333
offshore_f,200,0.4555625
offshore_f,201,0.448875
offshore_f,202,0.442395833333333
offshore_f,203,0.441083333333333
offshore_f,204,0.442333333333333
offshore_f,205,0.448895833333333
offshore_f,206,0.453270833333333
offshore_f,207,0.448604166666667
offshore_f,208,0.4393125
offshore_f,209,0.4255625
offshore_f,210,0.406645833333333
offshore_f,211,0.398708333333333
offshore_f,212,0.401666666666667
offshore_f,213,0.402125
offshore_f,214,0.407604166666667
offshore_f,215,0.4233125
offshore_f,216,0.396423076923077
offshore_f,217,0.3915
offshore_f,218,0.376846153846154
offshore_f,219,0.372692307692308
offshore_f,220,0.374980769230769
offshore_f,221,0.369192307692308
offshore_f,222,0.361538461538462
offshore_f,223,0.356634615384615
offshore_f,224,0.357192307692308
offshore_f,225,0.360038461538462
offshore_f,226,0.371230769230769
offshore_f,227,0.394942307692308
offshore_f,228,0.425596153846154
offshore_f,229,0.452788461538462
offshore_f,230,0.471134615384615
offshore_f,231,0.481115384615385
offshore_f,232,0.488346153846154
offshore_f,233,0.487865384615385
offshore_f,234,0.482961538461538
offshore_f,235,0.487076923076923
offshore_f,236,0.4905
offshore_f,237,0.488692307692308
offshore_f,238,0.486134615384615
offshore_f,239,0.482365384615385
offshore_f,240,0.506714285714286
offshore_f,241,0.502089285714286
offshore_f,242,0.501446428571429
offshore_f,243,0.499375
offshore_f,244,0.493339285714286
offshore_f,245,0.480446428571429
offshore_f,246,0.461053571428571
offshore_f,247,0.45875
offshore_f,248,0.459303571428571
offshore_f,249,0.451410714285714
offshore_f,250,0.445232142857143
offshore_f,251,0.450410714285714
offshore_f,252,0.460875
offshore_f,253,0.474125
offshore_f,254,0.489321428571429
offshore_f,255,0.513910714285714
offshore_f,256,0.532178571428571
offshore_f,257,0.540357142857143
offshore_f,258,0.555196428571429
offshore_f,259,0.576714285714286
offshore_f,260,0.583464285714286
offshore_f,261,0.572035714285714
offshore_f,262,0.560892857142857
offshore_f,263,0.553714285714286
offshore_f,264,0.566979166666667
offshore_f,265,0.5725625
offshore_f,266,0.579854166666667
offshore_f,267,0.58375
offshore_f,268,0.586104166666667
offshore_f,269,0.576166666666667
offshore_f,270,0.550395833333333
offshore_f,271,0.538041666666667
offshore_f,272,0.545
offshore_f,273,0.543625
offshore_f,274,0.53575
offshore_f,275,0.527
offshore_f,276,0.519729166666667
offshore_f,277,0.518166666666667
offshore_f,278,0.523020833333333
offshore_f,279,0.530666666666667
offshore_f,280,0.537229166666667
offshore_f,281,0.535729166666667
offshore_f,282,0.537416666666667
offshore_f,283,0.550791666666667
offshore_f,284,0.562875
offshore_f,285,0.563979166666667
offshore_f,286,0.560020833333333
offshore_f,287,0.549958333333333
offshore_f,288,0.517653846153846
offshore_f,289,0.500115384615385
offshore_f,290,0.479730769230769
offshore_f,291,0.468634615384615
offshore_f,292,0.460769230769231
offshore_f,293,0.441634615384615
offshore_f,294,0.416173076923077
offshore_f,295,0.400326923076923
offshore_f,296,0.388519230769231
offshore_f,297,0.373711538461538
offshore_f,298,0.358538461538462
offshore_f,299,0.355288461538462
offshore_f,300,0.362134615384615
offshore_f,301,0.372115384615385
offshore_f,302,0.377
offshore_f,303,0.38175
offshore_f,304,0.390942307692308
offshore_f,305,0.398846153846154
offshore_f,306,0.411538461538462
offshore_f,307,0.438903846153846
offshore_f,308,0.470711538461538
offshore_f,309,0.476057692307692
offshore_f,310,0.472096153846154
offshore_f,311,0.47
offshore_f,312,0.453596153846154
offshore_f,313,0.443423076923077
offshore_f,314,0.426615384615385
offshore_f,315,0.416961538461538
offshore_f,316,0.412173076923077
offshore_f,317,0.394019230769231
offshore_f,318,0.35475
offshore_f,319,0.330269230769231
offshore_f,320,0.322846153846154
offshore_f,321,0.328365384615385
offshore_f,322,0.343326923076923
offshore_f,323,0.354519230769231
offshore_f,324,0.362442307692308
offshore_f,325,0.369307692307692
offshore_f,326,0.375326923076923
offshore_f,327,0.378903846153846
offshore_f,328,0.378576923076923
offshore_f,329,0.376923076923077
offshore_f,330,0.378615384615385
offshore_f,331,0.391269230769231
offshore_f,332,0.402692307692308
offshore_f,333,0.387634615384615
offshore_f,334,0.360384615384615
offshore_f,335,0.334365384615385
offshore_f,336,0.530326923076923
offshore_f,337,0.530461538461538
offshore_f,338,0.537019230769231
offshore_f,339,0.548057692307692
offshore_f,340,0.555288461538462
offshore_f,341,0.549769230769231
offshore_f,342,0.533192307692308
offshore_f,343,0.521557692307692
offshore_f,344,0.515596153846154
offshore_f,345,0.506423076923077
offshore_f,346,0.491288461538462
offshore_f,347,0.478211538461538
offshore_f,348,0.473653846153846
offshore_f,349,0.477711538461538
offshore_f,350,0.482192307692308
offshore_f,351,0.483057692307692
offshore_f,352,0.478980769230769
offshore_f,353,0.475692307692308
offshore_f,354,0.472538461538462
offshore_f,355,0.468807692307692
offshore_f,356,0.462884615384615
offshore_f,357,0.458826923076923
offshore_f,358,0.451519230769231
offshore_f,359,0.439346153846154
offshore_f,360,0.370946428571429
offshore_f,361,0.366785714285714
offshore_f,362,0.365785714285714
offshore_f,363,0.366589285714286
offshore_f,364,0.373017857142857
offshore_f,365,0.372053571428571
offshore_f,366,0.357625
offshore_f,367,0.344196428571429
offshore_f,368,0.337267857142857
offshore_f,369,0.334017857142857
offshore_f,370,0.333767857142857
offshore_f,371,0.341982142857143
offshore_f,372,0.354946428571429
offshore_f,373,0.369428571428571
offshore_f,374,0.378875
offshore_f,375,0.383821428571429
offshore_f,376,0.384589285714286
offshore_f,377,0.380982142857143
offshore_f,378,0.380571428571429
offshore_f,379,0.387892857142857
offshore_f,380,0.393696428571429
offshore_f,381,0.386125
offshore_f,382,0.373303571428571
offshore_f,383,0.363589285714286
offshore_f,384,0.3525
offshore_f,385,0.34
offshore_f,386,0.331346153846154
offshore_f,387,0.328211538461538
offshore_f,388,0.330519230769231
offshore_f,389,0.329634615384615
offshore_f,390,0.325596153846154
offshore_f,391,0.3315
offshore_f,392,0.344538461538462
offshore_f,393,0.351153846153846
offshore_f,394,0.355076923076923
offshore_f,395,0.364596153846154
offshore_f,396,0.376038461538462
offshore_f,397,0.386384615384615
offshore_f,398,0.397519230769231
offshore_f,399,0.403596153846154
offshore_f,400,0.405519230769231
offshore_f,401,0.403961538461538
offshore_f,402,0.40225
offshore_f,403,0.40175
offshore_f,404,0.397115384615385
offshore_f,405,0.390365384615385
offshore_f,406,0.385115384615385
offshore_f,407,0.373769230769231
offshore_f,408,0.384833333333333
offshore_f,409,0.385708333333333
offshore_f,410,0.386604166666667
offshore_f,411,0.386375
offshore_f,412,0.387541666666667
offshore_f,413,0.384166666666667
offshore_f,414,0.3749375
offshore_f,415,0.366020833333333
offshore_f,416,0.368520833333333
offshore_f,417,0.373375
offshore_f,418,0.381104166666667
offshore_f,419,0.3960625
offshore_f,420,0.412916666666667
offshore_f,421,0.426979166666667
offshore_f,422,0.440770833333333
offshore_f,423,0.454541666666667
offshore_f,424,0.464354166666667
offshore_f,425,0.470541666666667
offshore_f,426,0.479916666666667
offshore_f,427,0.494791666666667
offshore_f,428,0.505479166666667
offshore_f,429,0.504354166666667
offshore_f,430,0.500958333333333
offshore_f,431,0.5008125
offshore_f,432,0.445446428571429
offshore_f,433,0.449517857142857
offshore_f,434,0.457196428571429
offshore_f,435,0.469553571428571
offshore_f,436,0.482910714285714
offshore_f,437,0.488517857142857
offshore_f,438,0.490607142857143
offshore_f,439,0.492464285714286
offshore_f,440,0.492464285714286
offshore_f,441,0.492392857142857
offshore_f,442,0.491214285714286
offshore_f,443,0.499392857142857
offshore_f,444,0.513767857142857
offshore_f,445,0.528660714285714
offshore_f,446,0.537767857142857
offshore_f,447,0.543571428571429
offshore_f,448,0.539928571428571
offshore_f,449,0.525875
offshore_f,450,0.508428571428571
offshore_f,451,0.489071428571429
offshore_f,452,0.470482142857143
offshore_f,453,0.441589285714286
offshore_f,454,0.4235
offshore_f,455,0.419714285714286
offshore_f,456,0.468826923076923
offshore_f,457,0.471346153846154
offshore_f,458,0.471923076923077
offshore_f,459,0.478480769230769
offshore_f,460,0.488365384615385
offshore_f,461,0.492653846153846
offshore_f,462,0.489980769230769
offshore_f,463,0.488115384615385
offshore_f,464,0.491
offshore_f,465,0.489480769230769
offshore_f,466,0.484442307692308
offshore_f,467,0.488903846153846
offshore_f,468,0.504346153846154
offshore_f,469,0.523384615384615
offshore_f,470,0.544673076923077
offshore_f,471,0.560423076923077
offshore_f,472,0.565519230769231
offshore_f,473,0.562653846153846
offshore_f,474,0.570807692307692
offshore_f,475,0.5875
offshore_f,476,0.591057692307692
offshore_f,477,0.573538461538462
offshore_f,478,0.552865384615385
offshore_f,479,0.537038461538462
offshore_f,480,0.5355
offshore_f,481,0.536576923076923
offshore_f,482,0.537
offshore_f,483,0.542269230769231
offshore_f,484,0.547923076923077
offshore_f,485,0.538903846153846
offshore_f,486,0.524807692307692
offshore_f,487,0.5215
offshore_f,488,0.532134615384615
offshore_f,489,0.546846153846154
offshore_f,490,0.558903846153846
offshore_f,491,0.569384615384615
offshore_f,492,0.578038461538462
offshore_f,493,0.588096153846154
offshore_f,494,0.598038461538462
offshore_f,495,0.604961538461538
offshore_f,496,0.603173076923077
offshore_f,497,0.594961538461538
offshore_f,498,0.582653846153846
offshore_f,499,0.560884615384615
offshore_f,500,0.543173076923077
offshore_f,501,0.534653846153846
offshore_f,502,0.529115384615385
offshore_f,503,0.525576923076923
offshore_f,504,0.537410714285714
offshore_f,505,0.526678571428571
offshore_f,506,0.514785714285714
offshore_f,507,0.505553571428571
offshore_f,508,0.506535714285714
offshore_f,509,0.519767857142857
offshore_f,510,0.530535714285714
offshore_f,511,0.536446428571429
offshore_f,512,0.539196428571429
offshore_f,513,0.529607142857143
offshore_f,514,0.520214285714286
offshore_f,515,0.522410714285714
offshore_f,516,0.531642857142857
offshore_f,517,0.540892857142857
offshore_f,518,0.548571428571429
offshore_f,519,0.559428571428571
offshore_f,520,0.572071428571429
offshore_f,521,0.59225
offshore_f,522,0.6155
offshore_f,523,0.635035714285714
offshore_f,524,0.643285714285714
offshore_f,525,0.640839285714286
offshore_f,526,0.631910714285714
offshore_f,527,0.621857142857143
offshore_f,528,0.66225
offshore_f,529,0.651125
offshore_f,530,0.6425625
offshore_f,531,0.639729166666667
offshore_f,532,0.640270833333333
offshore_f,533,0.645291666666667
offshore_f,534,0.655416666666667
offshore_f,535,0.663604166666667
offshore_f,536,0.6641875
offshore_f,537,0.657020833333333
offshore_f,538,0.648791666666667
offshore_f,539,0.643291666666667
offshore_f,540,0.634354166666667
offshore_f,541,0.619791666666667
offshore_f,542,0.604583333333333
offshore_f,543,0.592208333333333
offshore_f,544,0.5805
offshore_f,545,0.573479166666667
offshore_f,546,0.566520833333333
offshore_f,547,0.562145833333333
offshore_f,548,0.561166666666667
offshore_f,549,0.560666666666667
offshore_f,550,0.556708333333333
offshore_f,551,0.552666666666667
offshore_f,552,0.539423076923077
offshore_f,553,0.542807692307692
offshore_f,554,0.544230769230769
offshore_f,555,0.547673076923077
offshore_f,556,0.558019230769231
offshore_f,557,0.568134615384615
offshore_f,558,0.573403846153846
offshore_f,559,0.575846153846154
offshore_f,560,0.567576923076923
offshore_f,561,0.552153846153846
offshore_f,562,0.543288461538462
offshore_f,563,0.538942307692308
offshore_f,564,0.544788461538461
offshore_f,565,0.557884615384615
offshore_f,566,0.564846153846154
offshore_f,567,0.567326923076923
offshore_f,568,0.579
offshore_f,569,0.596634615384615
offshore_f,570,0.604942307692308
offshore_f,571,0.599730769230769
offshore_f,572,0.592076923076923
offshore_f,573,0.577596153846154
offshore_f,574,0.558230769230769
offshore_f,575,0.545865384615385
offshore_f,576,0.555288461538462
offshore_f,577,0.555038461538462
offshore_f,578,0.560865384615385
offshore_f,579,0.575923076923077
offshore_f,580,0.586961538461538
offshore_f,581,0.585211538461539
offshore_f,582,0.582173076923077
offshore_f,583,0.585673076923077
offshore_f,584,0.58275
offshore_f,585,0.573980769230769
offshore_f,586,0.572865384615385
offshore_f,587,0.581576923076923
offshore_f,588,0.593173076923077
offshore_f,589,0.604846153846154
offshore_f,590,0.619942307692308
offshore_f,591,0.64025
offshore_f,592,0.65525
offshore_f,593,0.667057692307692
offshore_f,594,0.675865384615385
offshore_f,595,0.678192307692308
offshore_f,596,0.679307692307692
offshore_f,597,0.679980769230769
offshore_f,598,0.684134615384615
offshore_f,599,0.686692307692308
offshore_f,600,0.686076923076923
offshore_f,601,0.680173076923077
offshore_f,602,0.671230769230769
offshore_f,603,0.664384615384615
offshore_f,604,0.660865384615385
offshore_f,605,0.657519230769231
offshore_f,606,0.656326923076923
offshore_f,607,0.652153846153846
offshore_f,608,0.637769230769231
offshore_f,609,0.613076923076923
offshore_f,610,0.600826923076923
offshore_f,611,0.596480769230769
offshore_f,612,0.591884615384615
offshore_f,613,0.587557692307692
offshore_f,614,0.587557692307692
offshore_f,615,0.601980769230769
offshore_f,616,0.627538461538461
offshore_f,617,0.653134615384615
offshore_f,618,0.669461538461538
offshore_f,619,0.677346153846154
offshore_f,620,0.673538461538462
offshore_f,621,0.662673076923077
offshore_f,622,0.658346153846154
offshore_f,623,0.650576923076923
offshore_f,624,0.69775
offshore_f,625,0.700865384615385
offshore_f,626,0.711692307692308
offshore_f,627,0.737384615384615
offshore_f,628,0.762769230769231
offshore_f,629,0.768942307692308
offshore_f,630,0.766557692307692
offshore_f,631,0.754326923076923
offshore_f,632,0.733519230769231
offshore_f,633,0.720596153846154
offshore_f,634,0.721461538461538
offshore_f,635,0.724153846153846
offshore_f,636,0.726307692307692
offshore_f,637,0.729403846153846
offshore_f,638,0.732846153846154
offshore_f,639,0.7425
offshore_f,640,0.756788461538462
offshore_f,641,0.767807692307692
offshore_f,642,0.772
offshore_f,643,0.761038461538462
offshore_f,644,0.749153846153846
offshore_f,645,0.731115384615385
offshore_f,646,0.711057692307692
offshore_f,647,0.695673076923077
offshore_f,648,0.628057692307692
offshore_f,649,0.623980769230769
offshore_f,650,0.626865384615385
offshore_f,651,0.632711538461538
offshore_f,652,0.633192307692308
offshore_f,653,0.631403846153846
offshore_f,654,0.624923076923077
offshore_f,655,0.611846153846154
offshore_f,656,0.588230769230769
offshore_f,657,0.565480769230769
offshore_f,658,0.54025
offshore_f,659,0.517057692307692
offshore_f,660,0.502711538461538
offshore_f,661,0.501326923076923
offshore_f,662,0.499346153846154
offshore_f,663,0.502769230769231
offshore_f,664,0.517403846153846
offshore_f,665,0.536788461538461
offshore_f,666,0.555442307692308
offshore_f,667,0.569
offshore_f,668,0.578519230769231
offshore_f,669,0.580980769230769
offshore_f,670,0.580865384615385
offshore_f,671,0.579826923076923
offshore_g,0,0.578051020357143
offshore_g,1,0.578734693785714
offshore_g,2,0.582632653071429
offshore_g,3,0.591744897928571
offshore_g,4,0.605071428714286
offshore_g,5,0.616857142928571
offshore_g,6,0.626836734714286
offshore_g,7,0.634336734642857
offshore_g,8,0.636142857071429
offshore_g,9,0.632316326642857
offshore_g,10,0.626765306
offshore_g,11,0.619510204071429
offshore_g,12,0.612704081714286
offshore_g,13,0.612224489785714
offshore_g,14,0.616377551214286
offshore_g,15,0.631642857214286
offshore_g,16,0.651275510285714
offshore_g,17,0.670020408214286
offshore_g,18,0.681887755071429
offshore_g,19,0.681755102
offshore_g,20,0.673612244857143
offshore_g,21,0.662040816357143
offshore_g,22,0.648683673428571
offshore_g,23,0.633224489785714
offshore_g,24,0.608714285642857
offshore_g,25,0.604489796
offshore_g,26,0.602622449071429
offshore_g,27,0.608826530642857
offshore_g,28,0.614908163285714
offshore_g,29,0.617693877571429
offshore_g,30,0.613622449
offshore_g,31,0.605387755071429
offshore_g,32,0.600142857071429
offshore_g,33,0.580744898
offshore_g,34,0.560173469357143
offshore_g,35,0.543357142714286
offshore_g,36,0.526010204
offshore_g,37,0.518091836785714
offshore_g,38,0.522632653
offshore_g,39,0.534826530714286
offshore_g,40,0.550979591928571
offshore_g,41,0.568112244857143
offshore_g,42,0.580112244928571
offshore_g,43,0.586010204071429
offshore_g,44,0.592265306071429
offshore_g,45,0.596938775571429
offshore_g,46,0.598010204142857
offshore_g,47,0.595632653
offshore_g,48,0.594000000166667
offshore_g,49,0.59323809525
offshore_g,50,0.593238095333333
offshore_g,51,0.596345237916667
offshore_g,52,0.598357143
offshore_g,53,0.601988095083333
offshore_g,54,0.604583333416667
offshore_g,55,0.600250000083333
offshore_g,56,0.591452380916667
offshore_g,57,0.573785714333333
offshore_g,58,0.554392857083333
offshore_g,59,0.541452381
offshore_g,60,0.543630952333333
offshore_g,61,0.55253571425
offshore_g,62,0.55921428575
offshore_g,63,0.57344047625
offshore_g,64,0.600035714333333
offshore_g,65,0.6206190475
offshore_g,66,0.631142857166667
offshore_g,67,0.627547619083333
offshore_g,68,0.617380952416667
offshore_g,69,0.599428571333333
offshore_g,70,0.580154761833333
offshore_g,71,0.562261904833333
offshore_g,72,0.563087912076923
offshore_g,73,0.558241758230769
offshore_g,74,0.562241758230769
offshore_g,75,0.571681318615385
offshore_g,76,0.578637362692308
offshore_g,77,0.585648351769231
offshore_g,78,0.592835164846154
offshore_g,79,0.595835164769231
offshore_g,80,0.596329670461539
offshore_g,81,0.594098901076923
offshore_g,82,0.591450549461538
offshore_g,83,0.587582417615385
offshore_g,84,0.584175824153846
offshore_g,85,0.581538461538462
offshore_g,86,0.576923076923077
offshore_g,87,0.575956044
offshore_g,88,0.581219780230769
offshore_g,89,0.589571428538462
offshore_g,90,0.596813186923077
offshore_g,91,0.595703296692308
offshore_g,92,0.593043956076923
offshore_g,93,0.586153846153846
offshore_g,94,0.576131868076923
offshore_g,95,0.566175824076923
offshore_g,96,0.557659340615385
offshore_g,97,0.554197802230769
offshore_g,98,0.553010988923077
offshore_g,99,0.559241758230769
offshore_g,100,0.570505494461538
offshore_g,101,0.575318681384615
offshore_g,102,0.574428571384615
offshore_g,103,0.565043956076923
offshore_g,104,0.564318681307692
offshore_g,105,0.564692307692308
offshore_g,106,0.556208791153846
offshore_g,107,0.545681318615385
offshore_g,108,0.537318681230769
offshore_g,109,0.539076923076923
offshore_g,110,0.551835164769231
offshore_g,111,0.576758241538462
offshore_g,112,0.606659340615385
offshore_g,113,0.633604395615385
offshore_g,114,0.655340659307692
offshore_g,115,0.663868131923077
offshore_g,116,0.663890109846154
offshore_g,117,0.660593406615385
offshore_g,118,0.657912087923077
offshore_g,119,0.658725274846154
offshore_g,120,0.641309523833333
offshore_g,121,0.640059523916667
offshore_g,122,0.64301190475
offshore_g,123,0.651797619
offshore_g,124,0.661761904833333
offshore_g,125,0.672261904666667
offshore_g,126,0.6809761905
offshore_g,127,0.682678571333333
offshore_g,128,0.681047619166667
offshore_g,129,0.681202381
offshore_g,130,0.674535714333333
offshore_g,131,0.661845237916667
offshore_g,132,0.652047619166667
offshore_g,133,0.642285714416667
offshore_g,134,0.632785714166667
offshore_g,135,0.633690476166667
offshore_g,136,0.645892857166667
offshore_g,137,0.650773809583333
offshore_g,138,0.642654761916667
offshore_g,139,0.637666666583333
offshore_g,140,0.63144047625
offshore_g,141,0.6155238095
offshore_g,142,0.595464285833333
offshore_g,143,0.5755714285
offshore_g,144,0.605802197923077
offshore_g,145,0.601670329692308
offshore_g,146,0.600494505615385
offshore_g,147,0.603934065923077
offshore_g,148,0.609923077
offshore_g,149,0.616923076846154
offshore_g,150,0.623758241846154
offshore_g,151,0.624351648461538
offshore_g,152,0.622758241846154
offshore_g,153,0.612813186769231
offshore_g,154,0.602021978
offshore_g,155,0.592692307692308
offshore_g,156,0.581516483461539
offshore_g,157,0.573692307615385
offshore_g,158,0.569747252769231
offshore_g,159,0.579714285692308
offshore_g,160,0.599208791307692
offshore_g,161,0.612912087923077
offshore_g,162,0.61810989
offshore_g,163,0.615406593384615
offshore_g,164,0.607208791153846
offshore_g,165,0.598923077
offshore_g,166,0.593923076769231
offshore_g,167,0.591989011
offshore_g,168,0.442122448928571
offshore_g,169,0.427326530714286
offshore_g,170,0.416418367357143
offshore_g,171,0.409091836642857
offshore_g,172,0.401928571357143
offshore_g,173,0.384265306
offshore_g,174,0.363448979571429
offshore_g,175,0.350285714214286
offshore_g,176,0.347959183714286
offshore_g,177,0.3453265305
offshore_g,178,0.341887755
offshore_g,179,0.342499999928571
offshore_g,180,0.350030612285714
offshore_g,181,0.362520408285714
offshore_g,182,0.378530612285714
offshore_g,183,0.3959489795
offshore_g,184,0.411775510285714
offshore_g,185,0.4208061225
offshore_g,186,0.435918367357143
offshore_g,187,0.458306122571429
offshore_g,188,0.472397959142857
offshore_g,189,0.478030612285714
offshore_g,190,0.483693877571429
offshore_g,191,0.488316326571429
offshore_g,192,0.52294047625
offshore_g,193,0.510642857083333
offshore_g,194,0.501404761833333
offshore_g,195,0.499309523833333
offshore_g,196,0.496285714333333
offshore_g,197,0.484249999833333
offshore_g,198,0.463285714416667
offshore_g,199,0.4588333335
offshore_g,200,0.470130952416667
offshore_g,201,0.47119047625
offshore_g,202,0.466369047666667
offshore_g,203,0.458785714333333
offshore_g,204,0.453142857166667
offshore_g,205,0.4576666665
offshore_g,206,0.4685
offshore_g,207,0.47886904775
offshore_g,208,0.4829285715
offshore_g,209,0.478119047583333
offshore_g,210,0.474761904583333
offshore_g,211,0.479773809583333
offshore_g,212,0.481976190333333
offshore_g,213,0.477428571333333
offshore_g,214,0.471333333333333
offshore_g,215,0.4636785715
offshore_g,216,0.379659340692308
offshore_g,217,0.367901099076923
offshore_g,218,0.355835164846154
offshore_g,219,0.346857142923077
offshore_g,220,0.343879120846154
offshore_g,221,0.332571428538462
offshore_g,222,0.320703296615385
offshore_g,223,0.320956043923077
offshore_g,224,0.331527472461538
offshore_g,225,0.332274725307692
offshore_g,226,0.337956043923077
offshore_g,227,0.354978022076923
offshore_g,228,0.377747252615385
offshore_g,229,0.406384615307692
offshore_g,230,0.436010989
offshore_g,231,0.459142857153846
offshore_g,232,0.470659340769231
offshore_g,233,0.469835164846154
offshore_g,234,0.461417582384615
offshore_g,235,0.460296703384615
offshore_g,236,0.464010989076923
offshore_g,237,0.469835164846154
offshore_g,238,0.474054945076923
offshore_g,239,0.472527472538462
offshore_g,240,0.493377551071429
offshore_g,241,0.492571428428571
offshore_g,242,0.490102040857143
offshore_g,243,0.483377551
offshore_g,244,0.477010204071429
offshore_g,245,0.461724489785714
offshore_g,246,0.4423163265
offshore_g,247,0.434551020357143
offshore_g,248,0.437020408142857
offshore_g,249,0.435734693857143
offshore_g,250,0.433653061285714
offshore_g,251,0.436010204142857
offshore_g,252,0.444285714285714
offshore_g,253,0.454081632714286
offshore_g,254,0.462255102
offshore_g,255,0.4741938775
offshore_g,256,0.483489795928571
offshore_g,257,0.483642857071429
offshore_g,258,0.493
offshore_g,259,0.514387755
offshore_g,260,0.529612245
offshore_g,261,0.534081632714286
offshore_g,262,0.535255102
offshore_g,263,0.527857142785714
offshore_g,264,0.520607142916667
offshore_g,265,0.523047619083333
offshore_g,266,0.52325
offshore_g,267,0.518666666583333
offshore_g,268,0.510321428583333
offshore_g,269,0.497345238166667
offshore_g,270,0.472357142916667
offshore_g,271,0.4603809525
offshore_g,272,0.471464285666667
offshore_g,273,0.479428571416667
offshore_g,274,0.482523809416667
offshore_g,275,0.485821428416667
offshore_g,276,0.491297618916667
offshore_g,277,0.49776190475
offshore_g,278,0.50398809525
offshore_g,279,0.508666666666667
offshore_g,280,0.507202381
offshore_g,281,0.498154761916667
offshore_g,282,0.49773809525
offshore_g,283,0.515107142916667
offshore_g,284,0.530821428583333
offshore_g,285,0.534904761833333
offshore_g,286,0.527202380916667
offshore_g,287,0.51313095225
offshore_g,288,0.453087912230769
offshore_g,289,0.429417582384615
offshore_g,290,0.405483516538462
offshore_g,291,0.387879120923077
offshore_g,292,0.376384615384615
offshore_g,293,0.356999999923077
offshore_g,294,0.330362637384615
offshore_g,295,0.318692307692308
offshore_g,296,0.321626373692308
offshore_g,297,0.323780219692308
offshore_g,298,0.320934065846154
offshore_g,299,0.320098901153846
offshore_g,300,0.323516483461538
offshore_g,301,0.329527472538462
offshore_g,302,0.334824175692308
offshore_g,303,0.340131868153846
offshore_g,304,0.348714285769231
offshore_g,305,0.356934065769231
offshore_g,306,0.373615384692308
offshore_g,307,0.398923077
offshore_g,308,0.418615384615385
offshore_g,309,0.424890109769231
offshore_g,310,0.426043956076923
offshore_g,311,0.426142857230769
offshore_g,312,0.462142857076923
offshore_g,313,0.454120879076923
offshore_g,314,0.441846153923077
offshore_g,315,0.438538461461538
offshore_g,316,0.430945054769231
offshore_g,317,0.412307692230769
offshore_g,318,0.382252747230769
offshore_g,319,0.374197802230769
offshore_g,320,0.380758241769231
offshore_g,321,0.384384615384615
offshore_g,322,0.382109890230769
offshore_g,323,0.380516483384615
offshore_g,324,0.384637362538462
offshore_g,325,0.391967033
offshore_g,326,0.396901098769231
offshore_g,327,0.406417582461538
offshore_g,328,0.413032967076923
offshore_g,329,0.416098901076923
offshore_g,330,0.425692307769231
offshore_g,331,0.441648351615385
offshore_g,332,0.451890109846154
offshore_g,333,0.444296703230769
offshore_g,334,0.427846153923077
offshore_g,335,0.408549450538462
offshore_g,336,0.547923077
offshore_g,337,0.538208791153846
offshore_g,338,0.529142857153846
offshore_g,339,0.524582417615385
offshore_g,340,0.521571428538462
offshore_g,341,0.503824176
offshore_g,342,0.478813186769231
offshore_g,343,0.467439560384615
offshore_g,344,0.474263736153846
offshore_g,345,0.483142857230769
offshore_g,346,0.482461538538462
offshore_g,347,0.477824175769231
offshore_g,348,0.472021978153846
offshore_g,349,0.469439560230769
offshore_g,350,0.471010989
offshore_g,351,0.474703296615385
offshore_g,352,0.470813186846154
offshore_g,353,0.467175824307692
offshore_g,354,0.466054945076923
offshore_g,355,0.466450549461538
offshore_g,356,0.462318681384615
offshore_g,357,0.457285714307692
offshore_g,358,0.453351648230769
offshore_g,359,0.447769230846154
offshore_g,360,0.409887755214286
offshore_g,361,0.400999999857143
offshore_g,362,0.3883061225
offshore_g,363,0.369969387857143
offshore_g,364,0.354336734785714
offshore_g,365,0.333673469214286
offshore_g,366,0.307744897928571
offshore_g,367,0.301989795857143
offshore_g,368,0.314846938857143
offshore_g,369,0.3311836735
offshore_g,370,0.345142857214286
offshore_g,371,0.358204081714286
offshore_g,372,0.370612244928571
offshore_g,373,0.381448979785714
offshore_g,374,0.388183673428571
offshore_g,375,0.394336734714286
offshore_g,376,0.3959183675
offshore_g,377,0.391642857357143
offshore_g,378,0.390857142928571
offshore_g,379,0.400438775571429
offshore_g,380,0.413102040857143
offshore_g,381,0.415183673642857
offshore_g,382,0.4136836735
offshore_g,383,0.4099489795
offshore_g,384,0.412054945076923
offshore_g,385,0.398043955846154
offshore_g,386,0.386593406615385
offshore_g,387,0.373923076923077
offshore_g,388,0.361736263692308
offshore_g,389,0.343670329615385
offshore_g,390,0.326758241615385
offshore_g,391,0.317560439538462
offshore_g,392,0.324164835153846
offshore_g,393,0.330835164846154
offshore_g,394,0.333032967
offshore_g,395,0.334461538538462
offshore_g,396,0.336032967153846
offshore_g,397,0.336197802230769
offshore_g,398,0.336461538461538
offshore_g,399,0.335615384538462
offshore_g,400,0.335615384538462
offshore_g,401,0.340054945
offshore_g,402,0.356351648307692
offshore_g,403,0.377131868153846
offshore_g,404,0.383362637384615
offshore_g,405,0.382131868153846
offshore_g,406,0.383296703384615
offshore_g,407,0.380153846153846
offshore_g,408,0.3535714285
offshore_g,409,0.354559523833333
offshore_g,410,0.35821428575
offshore_g,411,0.3632261905
offshore_g,412,0.369857142833333
offshore_g,413,0.369059523833333
offshore_g,414,0.350523809333333
offshore_g,415,0.335297619166667
offshore_g,416,0.338249999916667
offshore_g,417,0.354107142833333
offshore_g,418,0.360892857166667
offshore_g,419,0.371345238083333
offshore_g,420,0.378476190583333
offshore_g,421,0.384904761916667
offshore_g,422,0.392035714416667
offshore_g,423,0.395476190583333
offshore_g,424,0.392452381
offshore_g,425,0.389785714333333
offshore_g,426,0.40530952375
offshore_g,427,0.43580952375
offshore_g,428,0.464952381
offshore_g,429,0.4876785715
offshore_g,430,0.504892857083333
offshore_g,431,0.516107142916667
offshore_g,432,0.456183673642857
offshore_g,433,0.460744897785714
offshore_g,434,0.470765306
offshore_g,435,0.482040816285714
offshore_g,436,0.490122449
offshore_g,437,0.487346938642857
offshore_g,438,0.477744898
offshore_g,439,0.472183673428571
offshore_g,440,0.473765306
offshore_g,441,0.478132653071429
offshore_g,442,0.478581632714286
offshore_g,443,0.484734693857143
offshore_g,444,0.495132653
offshore_g,445,0.503255102
offshore_g,446,0.507102040642857
offshore_g,447,0.509622448857143
offshore_g,448,0.505714285785714
offshore_g,449,0.496112244857143
offshore_g,450,0.486071428571429
offshore_g,451,0.484795918428571
offshore_g,452,0.482551020357143
offshore_g,453,0.4674387755
offshore_g,454,0.452459183642857
offshore_g,455,0.438724489714286
offshore_g,456,0.454879120923077
offshore_g,457,0.461021977923077
offshore_g,458,0.467406593384615
offshore_g,459,0.476714285769231
offshore_g,460,0.483351648307692
offshore_g,461,0.481263736230769
offshore_g,462,0.474978021923077
offshore_g,463,0.466483516384615
offshore_g,464,0.463362637461538
offshore_g,465,0.470879120923077
offshore_g,466,0.478637362692308
offshore_g,467,0.486549450384615
offshore_g,468,0.498417582461538
offshore_g,469,0.506032966923077
offshore_g,470,0.509384615384615
offshore_g,471,0.510747252692308
offshore_g,472,0.506329670461538
offshore_g,473,0.502384615384615
offshore_g,474,0.509692307692308
offshore_g,475,0.523736263692308
offshore_g,476,0.536604395615385
offshore_g,477,0.532164835153846
offshore_g,478,0.518736263846154
offshore_g,479,0.503340659307692
offshore_g,480,0.489846154
offshore_g,481,0.489131868153846
offshore_g,482,0.490560439538462
offshore_g,483,0.491450549307692
offshore_g,484,0.489681318615385
offshore_g,485,0.478472527461538
offshore_g,486,0.460439560538462
offshore_g,487,0.452362637384615
offshore_g,488,0.467505494461538
offshore_g,489,0.490054945076923
offshore_g,490,0.505714285692308
offshore_g,491,0.516670329846154
offshore_g,492,0.524791208769231
offshore_g,493,0.527912088
offshore_g,494,0.527615384538462
offshore_g,495,0.526802197846154
offshore_g,496,0.523615384615385
offshore_g,497,0.521890109769231
offshore_g,498,0.524516483538462
offshore_g,499,0.527131868076923
offshore_g,500,0.526758241846154
offshore_g,501,0.521835164923077
offshore_g,502,0.514780219692308
offshore_g,503,0.510010988846154
offshore_g,504,0.548306122571429
offshore_g,505,0.543979591785714
offshore_g,506,0.539214285642857
offshore_g,507,0.536612244857143
offshore_g,508,0.533153061214286
offshore_g,509,0.531632653
offshore_g,510,0.532285714214286
offshore_g,511,0.530744898071429
offshore_g,512,0.523959183714286
offshore_g,513,0.523377550928571
offshore_g,514,0.520938775428571
offshore_g,515,0.521214285714286
offshore_g,516,0.5238163265
offshore_g,517,0.527469387785714
offshore_g,518,0.530642857071429
offshore_g,519,0.541846938714286
offshore_g,520,0.561479591714286
offshore_g,521,0.584030612357143
offshore_g,522,0.599642857214286
offshore_g,523,0.608224489785714
offshore_g,524,0.610010204142857
offshore_g,525,0.606163265285714
offshore_g,526,0.597734693785714
offshore_g,527,0.590285714285714
offshore_g,528,0.674476190416667
offshore_g,529,0.670261904833333
offshore_g,530,0.664059523833333
offshore_g,531,0.660964285666667
offshore_g,532,0.65780952375
offshore_g,533,0.65575
offshore_g,534,0.652869047666667
offshore_g,535,0.648797619
offshore_g,536,0.641642857166667
offshore_g,537,0.634190476166667
offshore_g,538,0.6296309525
offshore_g,539,0.632428571583333
offshore_g,540,0.631940476166667
offshore_g,541,0.626559523916667
offshore_g,542,0.615488095333333
offshore_g,543,0.60041666675
offshore_g,544,0.58925
offshore_g,545,0.587690476333333
offshore_g,546,0.588321428583333
offshore_g,547,0.5921309525
offshore_g,548,0.59905952375
offshore_g,549,0.605940476166667
offshore_g,550,0.609904762
offshore_g,551,0.605785714333333
offshore_g,552,0.566142857230769
offshore_g,553,0.564472527461538
offshore_g,554,0.563000000076923
offshore_g,555,0.562604395538462
offshore_g,556,0.567428571384615
offshore_g,557,0.574615384769231
offshore_g,558,0.580868131923077
offshore_g,559,0.581725274846154
offshore_g,560,0.574175824230769
offshore_g,561,0.565054945076923
offshore_g,562,0.561956043846154
offshore_g,563,0.566934065769231
offshore_g,564,0.574670329846154
offshore_g,565,0.580340659307692
offshore_g,566,0.582571428461538
offshore_g,567,0.593813186692308
offshore_g,568,0.618098901153846
offshore_g,569,0.642626373615385
offshore_g,570,0.655329670307692
offshore_g,571,0.653461538615385
offshore_g,572,0.646604395692308
offshore_g,573,0.637736263769231
offshore_g,574,0.624505494615385
offshore_g,575,0.608175824230769
offshore_g,576,0.592450549461539
offshore_g,577,0.584780219846154
offshore_g,578,0.580087912
offshore_g,579,0.584131868230769
offshore_g,580,0.586648351692308
offshore_g,581,0.581868131846154
offshore_g,582,0.573329670384615
offshore_g,583,0.572263736153846
offshore_g,584,0.569021977923077
offshore_g,585,0.556538461461539
offshore_g,586,0.550362637384615
offshore_g,587,0.555725274692308
offshore_g,588,0.561999999923077
offshore_g,589,0.564340659384615
offshore_g,590,0.571593406538462
offshore_g,591,0.597230769230769
offshore_g,592,0.625725274769231
offshore_g,593,0.648450549461538
offshore_g,594,0.662868131923077
offshore_g,595,0.671769230846154
offshore_g,596,0.676109890153846
offshore_g,597,0.677802197846154
offshore_g,598,0.679153846
offshore_g,599,0.676857142846154
offshore_g,600,0.677186813230769
offshore_g,601,0.669340659230769
offshore_g,602,0.664879120846154
offshore_g,603,0.666010989076923
offshore_g,604,0.672681318692308
offshore_g,605,0.677373626307692
offshore_g,606,0.677252747153846
offshore_g,607,0.670362637307692
offshore_g,608,0.659582417615385
offshore_g,609,0.643087912153846
offshore_g,610,0.631670329692308
offshore_g,611,0.629307692384615
offshore_g,612,0.628131868153846
offshore_g,613,0.622373626230769
offshore_g,614,0.614494505461538
offshore_g,615,0.613934065923077
offshore_g,616,0.626428571461538
offshore_g,617,0.640186813076923
offshore_g,618,0.647802197692308
offshore_g,619,0.650340659307692
offshore_g,620,0.653263736153846
offshore_g,621,0.653659340692308
offshore_g,622,0.654472527615385
offshore_g,623,0.646527472538462
offshore_g,624,0.677087912153846
offshore_g,625,0.682120879076923
offshore_g,626,0.683780219615385
offshore_g,627,0.689901098923077
offshore_g,628,0.707318681307692
offshore_g,629,0.726186813230769
offshore_g,630,0.734802197769231
offshore_g,631,0.737153846153846
offshore_g,632,0.732406593461538
offshore_g,633,0.729868131692308
offshore_g,634,0.737065934153846
offshore_g,635,0.746824175923077
offshore_g,636,0.746571428538462
offshore_g,637,0.750109890076923
offshore_g,638,0.753175824
offshore_g,639,0.751758241769231
offshore_g,640,0.753857142846154
offshore_g,641,0.767626373538462
offshore_g,642,0.777307692384615
offshore_g,643,0.779010989
offshore_g,644,0.774670329615385
offshore_g,645,0.765098901
offshore_g,646,0.753263736307692
offshore_g,647,0.746000000076923
offshore_g,648,0.682175824153846
offshore_g,649,0.674307692384615
offshore_g,650,0.666516483538461
offshore_g,651,0.663505494538462
offshore_g,652,0.662835164769231
offshore_g,653,0.666483516538461
offshore_g,654,0.667406593538462
offshore_g,655,0.658912087923077
offshore_g,656,0.644263736384615
offshore_g,657,0.625890109846154
offshore_g,658,0.604824176
offshore_g,659,0.585747252692308
offshore_g,660,0.572747252692308
offshore_g,661,0.568549450615385
offshore_g,662,0.570934066
offshore_g,663,0.581461538461538
offshore_g,664,0.598274725461538
offshore_g,665,0.610296703230769
offshore_g,666,0.611527472615385
offshore_g,667,0.605604395615385
offshore_g,668,0.601065934076923
offshore_g,669,0.593582417615385
offshore_g,670,0.585043956
offshore_g,671,0.582252747230769
onshore,0,0.336917492714286
onshore,1,0.331900605857143
onshore,2,0.328268390714286
onshore,3,0.326968398285714
onshore,4,0.330210458
onshore,5,0.335281535071429
onshore,6,0.340363036214286
onshore,7,0.3457099415
onshore,8,0.347864840928571
onshore,9,0.350963202285714
onshore,10,0.354919904142857
onshore,11,0.358636649714286
onshore,12,0.360255470214286
onshore,13,0.359490273642857
onshore,14,0.358635308071429
onshore,15,0.368817965428571
onshore,16,0.386197766214286
onshore,17,0.405975265857143
onshore,18,0.418495480214286
onshore,19,0.414798986357143
onshore,20,0.4040330285
onshore,21,0.393297506428571
onshore,22,0.383147228
onshore,23,0.371385592857143
onshore,24,0.369544740642857
onshore,25,0.363419398642857
onshore,26,0.356770988857143
onshore,27,0.355050245357143
onshore,28,0.354058614285714
onshore,29,0.351685670714286
onshore,30,0.345369052
onshore,31,0.337475282071429
onshore,32,0.346455104928571
onshore,33,0.348955930142857
onshore,34,0.349921868928571
onshore,35,0.353135723285714
onshore,36,0.352233344714286
onshore,37,0.346309340928571
onshore,38,0.339932100928571
onshore,39,0.3393461495
onshore,40,0.3455565275
onshore,41,0.357175097642857
onshore,42,0.364488554
onshore,43,0.360187251714286
onshore,44,0.349772687142857
onshore,45,0.339968590071429
onshore,46,0.334281652285714
onshore,47,0.330220754071429
onshore,48,0.339631338333333
onshore,49,0.33880443975
onshore,50,0.338981839083333
onshore,51,0.338810451916667
onshore,52,0.339737845166667
onshore,53,0.34246510025
onshore,54,0.3410707685
onshore,55,0.33662399675
onshore,56,0.339659232166667
onshore,57,0.345040054916667
onshore,58,0.346712013416667
onshore,59,0.346545154083333
onshore,60,0.34725844075
onshore,61,0.344820408083333
onshore,62,0.338854593583333
onshore,63,0.341286825166667
onshore,64,0.35872110625
onshore,65,0.376113941333333
onshore,66,0.382887437583333
onshore,67,0.379089712083333
onshore,68,0.371588035083333
onshore,69,0.360057011
onshore,70,0.351448349083333
onshore,71,0.343350668333333
onshore,72,0.333278234692308
onshore,73,0.328177134615385
onshore,74,0.327979153846154
onshore,75,0.330960904923077
onshore,76,0.335472156461538
onshore,77,0.341927571846154
onshore,78,0.346854742307692
onshore,79,0.347968667923077
onshore,80,0.351293800461538
onshore,81,0.362084703076923
onshore,82,0.376013605
onshore,83,0.381816340923077
onshore,84,0.381998629692308
onshore,85,0.378791693538462
onshore,86,0.369797862615385
onshore,87,0.365669632692308
onshore,88,0.377497738230769
onshore,89,0.396780255923077
onshore,90,0.407753682307692
onshore,91,0.404491036
onshore,92,0.393525292230769
onshore,93,0.380615768846154
onshore,94,0.367710430615385
onshore,95,0.361192247538462
onshore,96,0.354097436615385
onshore,97,0.349006059923077
onshore,98,0.346213277076923
onshore,99,0.345143308307692
onshore,100,0.346926379230769
onshore,101,0.348253352538462
onshore,102,0.346025782615385
onshore,103,0.337377093461538
onshore,104,0.345791051461538
onshore,105,0.362032284
onshore,106,0.368666611384615
onshore,107,0.367435423461538
onshore,108,0.364054660846154
onshore,109,0.359674265307692
onshore,110,0.350439752153846
onshore,111,0.349323831384615
onshore,112,0.364917051307692
onshore,113,0.391234180615385
onshore,114,0.414665934692308
onshore,115,0.421904375076923
onshore,116,0.416840839076923
onshore,117,0.410421262307692
onshore,118,0.404218792615385
onshore,119,0.396779000230769
onshore,120,0.384907642083333
onshore,121,0.380430492416667
onshore,122,0.378376655333333
onshore,123,0.380401760166667
onshore,124,0.383087830083333
onshore,125,0.387896884666667
onshore,126,0.391994000083333
onshore,127,0.3861096495
onshore,128,0.400623543416667
onshore,129,0.423449933
onshore,130,0.431929970666667
onshore,131,0.431749037333333
onshore,132,0.430384661333333
onshore,133,0.4273125265
onshore,134,0.412122605666667
onshore,135,0.396313638166667
onshore,136,0.4011308725
onshore,137,0.416454609666667
onshore,138,0.415093873333333
onshore,139,0.400186374333333
onshore,140,0.383215882833333
onshore,141,0.36653330975
onshore,142,0.35325842825
onshore,143,0.341329016666667
onshore,144,0.351349218307692
onshore,145,0.343290847846154
onshore,146,0.339070530692308
onshore,147,0.340798046230769
onshore,148,0.345211964153846
onshore,149,0.348270644
onshore,150,0.350662684076923
onshore,151,0.351303134384615
onshore,152,0.365974802384615
onshore,153,0.375577831846154
onshore,154,0.386934532076923
onshore,155,0.394854341
onshore,156,0.398238566307692
onshore,157,0.397632160153846
onshore,158,0.390171871384615
onshore,159,0.390073953307692
onshore,160,0.401019057461538
onshore,161,0.413169968153846
onshore,162,0.418709100153846
onshore,163,0.412642222076923
onshore,164,0.400810699384615
onshore,165,0.387113059692308
onshore,166,0.375988837230769
onshore,167,0.366213993692308
onshore,168,0.2975244945
onshore,169,0.286312812071429
onshore,170,0.274239919428571
onshore,171,0.264845920571429
onshore,172,0.251403193142857
onshore,173,0.227558582357143
onshore,174,0.217461828857143
onshore,175,0.222914511357143
onshore,176,0.242009598642857
onshore,177,0.253361540214286
onshore,178,0.262794775357143
onshore,179,0.272828698071429
onshore,180,0.281783547357143
onshore,181,0.288368950714286
onshore,182,0.292104036428571
onshore,183,0.292950111285714
onshore,184,0.287255214571429
onshore,185,0.276079052285714
onshore,186,0.2744174715
onshore,187,0.287323677928571
onshore,188,0.296003971428571
onshore,189,0.299855886428571
onshore,190,0.303116542
onshore,191,0.304302846071429
onshore,192,0.313726572
onshore,193,0.307330687416667
onshore,194,0.301082283583333
onshore,195,0.294038899666667
onshore,196,0.286125375666667
onshore,197,0.25599604975
onshore,198,0.236792837416667
onshore,199,0.253387698333333
onshore,200,0.285303079333333
onshore,201,0.300590966666667
onshore,202,0.30808561275
onshore,203,0.3155791595
onshore,204,0.323811203416667
onshore,205,0.33137223925
onshore,206,0.337992074833333
onshore,207,0.340029489916667
onshore,208,0.330454926416667
onshore,209,0.308700436
onshore,210,0.298193728083333
onshore,211,0.306363574916667
onshore,212,0.310961373666667
onshore,213,0.307218777166667
onshore,214,0.3010946435
onshore,215,0.293803191166667
onshore,216,0.239056443769231
onshore,217,0.227804868846154
onshore,218,0.216860521307692
onshore,219,0.206537108538462
onshore,220,0.195858331230769
onshore,221,0.175454234230769
onshore,222,0.165592595076923
onshore,223,0.180321446384615
onshore,224,0.200200744153846
onshore,225,0.209466159384615
onshore,226,0.215984657846154
onshore,227,0.225966626692308
onshore,228,0.238546407923077
onshore,229,0.249806496846154
onshore,230,0.259027387769231
onshore,231,0.264428274076923
onshore,232,0.261887863307692
onshore,233,0.252495427846154
onshore,234,0.253442108538462
onshore,235,0.270529437538462
onshore,236,0.283285183461538
onshore,237,0.284970783307692
onshore,238,0.282377156461538
onshore,239,0.276004105
onshore,240,0.2832174215
onshore,241,0.274720195
onshore,242,0.266782301714286
onshore,243,0.260003721285714
onshore,244,0.248628775785714
onshore,245,0.221455562857143
onshore,246,0.212120305714286
onshore,247,0.2337915225
onshore,248,0.253588251642857
onshore,249,0.261931142928571
onshore,250,0.265948572642857
onshore,251,0.270430684928571
onshore,252,0.2748974755
onshore,253,0.278578200357143
onshore,254,0.280890826285714
onshore,255,0.281647898714286
onshore,256,0.277036872214286
onshore,257,0.265313232571429
onshore,258,0.267823012428571
onshore,259,0.290777600928571
onshore,260,0.307855604285714
onshore,261,0.310907920785714
onshore,262,0.309712651357143
onshore,263,0.307244322142857
onshore,264,0.300770925083333
onshore,265,0.298905337666667
onshore,266,0.300622040416667
onshore,267,0.302142387833333
onshore,268,0.295288657416667
onshore,269,0.274834376916667
onshore,270,0.255667144916667
onshore,271,0.265836550583333
onshore,272,0.29382900425
onshore,273,0.30930288075
onshore,274,0.318074743583333
onshore,275,0.325112723833333
onshore,276,0.333195883416667
onshore,277,0.34207579925
onshore,278,0.3455908735
onshore,279,0.343273633083333
onshore,280,0.333873643
onshore,281,0.313124264083333
onshore,282,0.309965913833333
onshore,283,0.325833438833333
onshore,284,0.33596189525
onshore,285,0.335066265416667
onshore,286,0.331443740416667
onshore,287,0.322464473
onshore,288,0.292846595230769
onshore,289,0.282188687230769
onshore,290,0.271229863384615
onshore,291,0.261272071538462
onshore,292,0.251895614692308
onshore,293,0.231804461769231
onshore,294,0.214295927538462
onshore,295,0.216784710538462
onshore,296,0.231619323384615
onshore,297,0.240671668076923
onshore,298,0.243331984153846
onshore,299,0.245736390692308
onshore,300,0.248541379846154
onshore,301,0.252737548769231
onshore,302,0.256246633153846
onshore,303,0.258352841692308
onshore,304,0.257568647230769
onshore,305,0.252923782076923
onshore,306,0.257034789461538
onshore,307,0.278387006076923
onshore,308,0.292828764923077
onshore,309,0.292680858384615
onshore,310,0.288061179538462
onshore,311,0.283985942153846
onshore,312,0.308413252923077
onshore,313,0.303825422384615
onshore,314,0.299853142769231
onshore,315,0.297164670538462
onshore,316,0.289479902076923
onshore,317,0.257576129076923
onshore,318,0.236636935923077
onshore,319,0.246218150307692
onshore,320,0.267828822153846
onshore,321,0.279083602230769
onshore,322,0.287043429461538
onshore,323,0.294742250153846
onshore,324,0.30151468
onshore,325,0.307486988461538
onshore,326,0.311380751153846
onshore,327,0.311043263076923
onshore,328,0.300932118153846
onshore,329,0.285702765230769
onshore,330,0.288609920846154
onshore,331,0.312075552923077
onshore,332,0.322984365461538
onshore,333,0.316818152538462
onshore,334,0.302775921461538
onshore,335,0.288258925153846
onshore,336,0.343851055923077
onshore,337,0.337724178923077
onshore,338,0.330775434230769
onshore,339,0.326440216461538
onshore,340,0.320103158461538
onshore,341,0.290531380923077
onshore,342,0.271290016692308
onshore,343,0.282181985
onshore,344,0.301012429692308
onshore,345,0.314885260384615
onshore,346,0.321780915153846
onshore,347,0.327826184923077
onshore,348,0.331920015384615
onshore,349,0.333440136153846
onshore,350,0.331593902076923
onshore,351,0.324709880153846
onshore,352,0.310443088846154
onshore,353,0.293529964923077
onshore,354,0.290093067923077
onshore,355,0.300271458076923
onshore,356,0.299417438307692
onshore,357,0.295112216923077
onshore,358,0.288112440538462
onshore,359,0.278745334538462
onshore,360,0.259518713
onshore,361,0.252253724071429
onshore,362,0.246861140928571
onshore,363,0.236521736785714
onshore,364,0.225381759785714
onshore,365,0.196002454142857
onshore,366,0.169031633714286
onshore,367,0.179005930642857
onshore,368,0.200648580071429
onshore,369,0.216201625714286
onshore,370,0.226763194928571
onshore,371,0.236596189357143
onshore,372,0.245542680428571
onshore,373,0.252011989071429
onshore,374,0.254223272214286
onshore,375,0.251757306714286
onshore,376,0.240521518571429
onshore,377,0.224833649214286
onshore,378,0.228489033142857
onshore,379,0.248464032857143
onshore,380,0.262187108071429
onshore,381,0.264414074928571
onshore,382,0.260977278428571
onshore,383,0.256056106714286
onshore,384,0.254734361
onshore,385,0.246639441461538
onshore,386,0.239523744307692
onshore,387,0.232244443076923
onshore,388,0.224226314461538
onshore,389,0.204599050615385
onshore,390,0.183968427
onshore,391,0.182582028538462
onshore,392,0.205256276461538
onshore,393,0.220472420076923
onshore,394,0.231585732153846
onshore,395,0.241554824230769
onshore,396,0.248011111
onshore,397,0.250908869923077
onshore,398,0.250534413846154
onshore,399,0.247333864538462
onshore,400,0.241136141923077
onshore,401,0.232791338230769
onshore,402,0.235804341230769
onshore,403,0.250261092461538
onshore,404,0.256900608307692
onshore,405,0.253236944
onshore,406,0.248291037230769
onshore,407,0.243629505615385
onshore,408,0.221262248166667
onshore,409,0.216574892583333
onshore,410,0.214956038416667
onshore,411,0.215360643333333
onshore,412,0.216192349166667
onshore,413,0.20697585775
onshore,414,0.18675093175
onshore,415,0.176253714333333
onshore,416,0.19268067875
onshore,417,0.215052874583333
onshore,418,0.226633356916667
onshore,419,0.237574662666667
onshore,420,0.247122319833333
onshore,421,0.252971988333333
onshore,422,0.254533061333333
onshore,423,0.2516474435
onshore,424,0.243353394833333
onshore,425,0.23959870575
onshore,426,0.249996677166667
onshore,427,0.26997877075
onshore,428,0.282372823083333
onshore,429,0.284036694666667
onshore,430,0.281801085666667
onshore,431,0.279521539916667
onshore,432,0.251831871071429
onshore,433,0.252977949
onshore,434,0.255578690071429
onshore,435,0.259838509785714
onshore,436,0.261007272214286
onshore,437,0.246302963214286
onshore,438,0.231013154857143
onshore,439,0.237037713214286
onshore,440,0.254004706214286
onshore,441,0.2735666425
onshore,442,0.2859334
onshore,443,0.298563011857143
onshore,444,0.311356722285714
onshore,445,0.319560051714286
onshore,446,0.320292885214286
onshore,447,0.315393706357143
onshore,448,0.306731279071429
onshore,449,0.297839180571429
onshore,450,0.295055350857143
onshore,451,0.301019032428571
onshore,452,0.304486871642857
onshore,453,0.298763397071429
onshore,454,0.291732168142857
onshore,455,0.2870999745
onshore,456,0.291654279076923
onshore,457,0.292125306
onshore,458,0.293671633615385
onshore,459,0.295532046
onshore,460,0.293964281692308
onshore,461,0.281933494384615
onshore,462,0.271139530153846
onshore,463,0.266485921923077
onshore,464,0.276562426615385
onshore,465,0.291016861384615
onshore,466,0.295815458
onshore,467,0.298515178769231
onshore,468,0.303372598538462
onshore,469,0.307375493846154
onshore,470,0.307484362615385
onshore,471,0.302181813153846
onshore,472,0.288651916923077
onshore,473,0.278567150692308
onshore,474,0.283635898153846
onshore,475,0.293596367307692
onshore,476,0.294546006461538
onshore,477,0.289063197615385
onshore,478,0.282501671153846
onshore,479,0.275745936615385
onshore,480,0.275197545076923
onshore,481,0.270063323769231
onshore,482,0.265679591307692
onshore,483,0.261748310153846
onshore,484,0.254667866846154
onshore,485,0.232687354153846
onshore,486,0.211747450076923
onshore,487,0.208210708461538
onshore,488,0.227453397307692
onshore,489,0.250958261769231
onshore,490,0.267253851230769
onshore,491,0.283556171692308
onshore,492,0.297127169307692
onshore,493,0.306344952769231
onshore,494,0.310022503
onshore,495,0.307174136153846
onshore,496,0.297121539384615
onshore,497,0.292145068461538
onshore,498,0.302394281615385
onshore,499,0.318859443538462
onshore,500,0.325913966846154
onshore,501,0.324154551230769
onshore,502,0.321715028769231
onshore,503,0.321861186384615
onshore,504,0.318707817357143
onshore,505,0.315327638714286
onshore,506,0.3136165685
onshore,507,0.313319456142857
onshore,508,0.316248442714286
onshore,509,0.321357520857143
onshore,510,0.325866038857143
onshore,511,0.317779762428571
onshore,512,0.306577715857143
onshore,513,0.316945074928571
onshore,514,0.335764547142857
onshore,515,0.349107443714286
onshore,516,0.355831876428571
onshore,517,0.354897912071429
onshore,518,0.346983304714286
onshore,519,0.345777233642857
onshore,520,0.365447348214286
onshore,521,0.388900877357143
onshore,522,0.400635036571429
onshore,523,0.405289164142857
onshore,524,0.405452081142857
onshore,525,0.403885970785714
onshore,526,0.399795472642857
onshore,527,0.393571503214286
onshore,528,0.422702889333333
onshore,529,0.416881456333333
onshore,530,0.4147037465
onshore,531,0.415212566166667
onshore,532,0.418659312833333
onshore,533,0.423795905666667
onshore,534,0.424557644583333
onshore,535,0.41733525875
onshore,536,0.411556253333333
onshore,537,0.410719180833333
onshore,538,0.41404321
onshore,539,0.4252652605
onshore,540,0.424883127166667
onshore,541,0.4164614855
onshore,542,0.404360165083333
onshore,543,0.396003030916667
onshore,544,0.40544841125
onshore,545,0.4234314055
onshore,546,0.432749180166667
onshore,547,0.43626726675
onshore,548,0.433334706083333
onshore,549,0.429129530916667
onshore,550,0.421828886166667
onshore,551,0.41529796775
onshore,552,0.387054700923077
onshore,553,0.382717717538462
onshore,554,0.378348903076923
onshore,555,0.371202722076923
onshore,556,0.367398019769231
onshore,557,0.367334770461538
onshore,558,0.368681735615385
onshore,559,0.362611772692308
onshore,560,0.347461343461538
onshore,561,0.342560500230769
onshore,562,0.352548775769231
onshore,563,0.367640450384615
onshore,564,0.378287654538462
onshore,565,0.380734556076923
onshore,566,0.372654032461538
onshore,567,0.366100280307692
onshore,568,0.378580807307692
onshore,569,0.393409749923077
onshore,570,0.398519988923077
onshore,571,0.395173023846154
onshore,572,0.387654703230769
onshore,573,0.37887349
onshore,574,0.369101536076923
onshore,575,0.356829819769231
onshore,576,0.371530085230769
onshore,577,0.365296271615385
onshore,578,0.360745328923077
onshore,579,0.360223006230769
onshore,580,0.362637612461538
onshore,581,0.365033969538462
onshore,582,0.362265432384615
onshore,583,0.350010348538462
onshore,584,0.335304286769231
onshore,585,0.342896704
onshore,586,0.359209229384615
onshore,587,0.374552530923077
onshore,588,0.382405845692308
onshore,589,0.384037220230769
onshore,590,0.378940351230769
onshore,591,0.384190424461538
onshore,592,0.403253008461538
onshore,593,0.422628135307692
onshore,594,0.429936871153846
onshore,595,0.429263810076923
onshore,596,0.427707563769231
onshore,597,0.424669890692308
onshore,598,0.419175340076923
onshore,599,0.413320964846154
onshore,600,0.388928357153846
onshore,601,0.385001519307692
onshore,602,0.382761244384615
onshore,603,0.384750425538462
onshore,604,0.388656039230769
onshore,605,0.390961409461538
onshore,606,0.391442274769231
onshore,607,0.380752885230769
onshore,608,0.365382316384615
onshore,609,0.365335957230769
onshore,610,0.373221074230769
onshore,611,0.381056891
onshore,612,0.387848802692308
onshore,613,0.385412536384615
onshore,614,0.373165909
onshore,615,0.367887181153846
onshore,616,0.381868089230769
onshore,617,0.398483468
onshore,618,0.402359091076923
onshore,619,0.398204218538462
onshore,620,0.391061965
onshore,621,0.384190756692308
onshore,622,0.381661181846154
onshore,623,0.376699474384615
onshore,624,0.389121803076923
onshore,625,0.387508218538462
onshore,626,0.388094879846154
onshore,627,0.394105790076923
onshore,628,0.403702363692308
onshore,629,0.413567523384615
onshore,630,0.421863038153846
onshore,631,0.420306471230769
onshore,632,0.417134496384615
onshore,633,0.423405771230769
onshore,634,0.442267278538462
onshore,635,0.461123952846154
onshore,636,0.469930478615385
onshore,637,0.471194363
onshore,638,0.463837748923077
onshore,639,0.462934331307692
onshore,640,0.478349200923077
onshore,641,0.490051794230769
onshore,642,0.489834744692308
onshore,643,0.482328859615385
onshore,644,0.473628703
onshore,645,0.468520975153846
onshore,646,0.462338818230769
onshore,647,0.454356740230769
onshore,648,0.412203971923077
onshore,649,0.405653866076923
onshore,650,0.404361659384615
onshore,651,0.401502021
onshore,652,0.400773605230769
onshore,653,0.402254052
onshore,654,0.403690175
onshore,655,0.391549784692308
onshore,656,0.373103519615385
onshore,657,0.366673703230769
onshore,658,0.364748803230769
onshore,659,0.366874040384615
onshore,660,0.366535038769231
onshore,661,0.362484872846154
onshore,662,0.352280058
onshore,663,0.351175546461538
onshore,664,0.367180133153846
onshore,665,0.377936114230769
onshore,666,0.375545674153846
onshore,667,0.365130127692308
onshore,668,0.355971631846154
onshore,669,0.347018805
onshore,670,0.338470167153846
onshore,671,0.333523841692308
PV,0,0
PV,1,0
PV,2,0
PV,3,0
PV,4,0
PV,5,3.00722142857143e-05
PV,6,0.0122212471428571
PV,7,0.0915787227857143
PV,8,0.233060239571429
PV,9,0.364515559785714
PV,10,0.457427561928571
PV,11,0.504197307142857
PV,12,0.495936989285714
PV,13,0.4316660065
PV,14,0.319096606357143
PV,15,0.174505542
PV,16,0.0512236472857143
PV,17,0.00421363821428571
PV,18,0
PV,19,0
PV,20,0
PV,21,0
PV,22,0
PV,23,0
PV,24,0
PV,25,0
PV,26,0
PV,27,0
PV,28,0
PV,29,0.000130923142857143
PV,30,0.016891805
PV,31,0.110764831428571
PV,32,0.261792408642857
PV,33,0.393657655071429
PV,34,0.483314891357143
PV,35,0.525479583642857
PV,36,0.513660188071429
PV,37,0.452294836857143
PV,38,0.346046079785714
PV,39,0.198596948928571
PV,40,0.0651768906428571
PV,41,0.00693743692857143
PV,42,0
PV,43,0
PV,44,0
PV,45,0
PV,46,0
PV,47,0
PV,48,0
PV,49,0
PV,50,0
PV,51,0
PV,52,0
PV,53,2.27858333333333e-05
PV,54,0.0123014930833333
PV,55,0.0983804491666667
PV,56,0.240363729166667
PV,57,0.368651024333333
PV,58,0.4632207595
PV,59,0.504377871833333
PV,60,0.4940672355
PV,61,0.43469957325
PV,62,0.327569746333333
PV,63,0.183174632416667
PV,64,0.0506754431666667
PV,65,0.00390773458333333
PV,66,0
PV,67,0
PV,68,0
PV,69,0
PV,70,0
PV,71,0
PV,72,0
PV,73,0
PV,74,0
PV,75,0
PV,76,0
PV,77,4.48658461538462e-05
PV,78,0.00993992430769231
PV,79,0.0765060453846154
PV,80,0.203960989769231
PV,81,0.322224400923077
PV,82,0.407365705076923
PV,83,0.448045655538462
PV,84,0.440109452076923
PV,85,0.388649595384615
PV,86,0.292791269076923
PV,87,0.158102519692308
PV,88,0.0423627208461538
PV,89,0.00435596276923077
PV,90,0
PV,91,0
PV,92,0
PV,93,0
PV,94,0
PV,95,0
PV,96,0
PV,97,0
PV,98,0
PV,99,0
PV,100,0
PV,101,2.25954615384615e-05
PV,102,0.013692636
PV,103,0.0893250439230769
PV,104,0.215501492153846
PV,105,0.331606288384615
PV,106,0.416092921
PV,107,0.458670095384615
PV,108,0.451635269076923
PV,109,0.392740260307692
PV,110,0.293717678769231
PV,111,0.163189277384615
PV,112,0.050572293
PV,113,0.00498673007692308
PV,114,1.44615384615385e-06
PV,115,0
PV,116,0
PV,117,0
PV,118,0
PV,119,0
PV,120,0
PV,121,0
PV,122,0
PV,123,0
PV,124,0
PV,125,0
PV,126,0.0102290250833333
PV,127,0.0875462270833333
PV,128,0.2230054105
PV,129,0.349014387
PV,130,0.432029440583333
PV,131,0.468396780416667
PV,132,0.45580917
PV,133,0.399088432583333
PV,134,0.300811314083333
PV,135,0.166983979916667
PV,136,0.0468059149166667
PV,137,0.00275647741666667
PV,138,0
PV,139,0
PV,140,0
PV,141,0
PV,142,0
PV,143,0
PV,144,0
PV,145,0
PV,146,0
PV,147,0
PV,148,0
PV,149,7.53344615384615e-05
PV,150,0.0102187707692308
PV,151,0.0787307845384615
PV,152,0.206481535923077
PV,153,0.334819911307692
PV,154,0.429174981846154
PV,155,0.475782500769231
PV,156,0.469558212769231
PV,157,0.422777691230769
PV,158,0.326044404307692
PV,159,0.190839641846154
PV,160,0.0598946172307692
PV,161,0.00670063569230769
PV,162,1.82307692307692e-06
PV,163,0
PV,164,0
PV,165,0
PV,166,0
PV,167,0
PV,168,0
PV,169,0
PV,170,0
PV,171,0
PV,172,0.00314240964285714
PV,173,0.0303520673571429
PV,174,0.129939493785714
PV,175,0.274965871142857
PV,176,0.416983526071429
PV,177,0.525557106642857
PV,178,0.594594177928571
PV,179,0.621371302928571
PV,180,0.606372436142857
PV,181,0.554863418214286
PV,182,0.469099215357143
PV,183,0.353435037285714
PV,184,0.218932647071429
PV,185,0.0897556326428571
PV,186,0.0201280765714286
PV,187,0.000804119857142857
PV,188,0
PV,189,0
PV,190,0
PV,191,0
PV,192,0
PV,193,0
PV,194,0
PV,195,0
PV,196,0.00337590541666667
PV,197,0.0326402481666667
PV,198,0.134140570083333
PV,199,0.27886753975
PV,200,0.420399169083333
PV,201,0.529400802083333
PV,202,0.5980997755
PV,203,0.628211060833333
PV,204,0.62142164375
PV,205,0.579427476333333
PV,206,0.49668456425
PV,207,0.379779207166667
PV,208,0.239612584916667
PV,209,0.1011658335
PV,210,0.0226844510833333
PV,211,0.000916056
PV,212,0
PV,213,0
PV,214,0
PV,215,0
PV,216,0
PV,217,0
PV,218,0
PV,219,0
PV,220,0.00361429753846154
PV,221,0.0323732426153846
PV,222,0.137361962153846
PV,223,0.291410745153846
PV,224,0.440276435
PV,225,0.545776839923077
PV,226,0.615330007307692
PV,227,0.649549670384615
PV,228,0.647099842846154
PV,229,0.599013475230769
PV,230,0.509758432230769
PV,231,0.385458123461538
PV,232,0.240961697384615
PV,233,0.0994697116923077
PV,234,0.0213544348461538
PV,235,0.000991343230769231
PV,236,0
PV,237,0
PV,238,0
PV,239,0
PV,240,0
PV,241,0
PV,242,0
PV,243,0
PV,244,0.00364717085714286
PV,245,0.0333631707142857
PV,246,0.141732216785714
PV,247,0.294631553857143
PV,248,0.4390883405
PV,249,0.551075837428571
PV,250,0.624526939142857
PV,251,0.654597329785714
PV,252,0.6441858895
PV,253,0.592850572285714
PV,254,0.503048136285714
PV,255,0.380705648785714
PV,256,0.235415887428571
PV,257,0.0966451710714286
PV,258,0.0210985297142857
PV,259,0.0010180955
PV,260,0
PV,261,0
PV,262,0
PV,263,0
PV,264,0
PV,265,0
PV,266,0
PV,267,0
PV,268,0.00304462541666667
PV,269,0.03219616275
PV,270,0.144542760916667
PV,271,0.302359485333333
PV,272,0.451890859
PV,273,0.564251999833333
PV,274,0.632472725833333
PV,275,0.66291525575
PV,276,0.654402379666667
PV,277,0.606247167083333
PV,278,0.516765531166667
PV,279,0.390625061083333
PV,280,0.242311747333333
PV,281,0.0982218146666667
PV,282,0.0210367284166667
PV,283,0.000893928166666667
PV,284,0
PV,285,0
PV,286,0
PV,287,0
PV,288,0
PV,289,0
PV,290,0
PV,291,0
PV,292,0.00286397476923077
PV,293,0.0322212013846154
PV,294,0.141596566769231
PV,295,0.296859341769231
PV,296,0.443851189
PV,297,0.554535662076923
PV,298,0.627022889230769
PV,299,0.654044055692308
PV,300,0.648252397076923
PV,301,0.596567339538462
PV,302,0.507463240769231
PV,303,0.383340036692308
PV,304,0.236112826076923
PV,305,0.0967439828461538
PV,306,0.0200291756153846
PV,307,0.000773692692307692
PV,308,0
PV,309,0
PV,310,0
PV,311,0
PV,312,0
PV,313,0
PV,314,0
PV,315,0
PV,316,0.003688667
PV,317,0.0336625681538462
PV,318,0.139699147846154
PV,319,0.286219396307692
PV,320,0.421836955153846
PV,321,0.523125778076923
PV,322,0.589230738538462
PV,323,0.616656415
PV,324,0.604267554
PV,325,0.556815347692308
PV,326,0.473816701384615
PV,327,0.361750997307692
PV,328,0.229215171307692
PV,329,0.0966839088461538
PV,330,0.0211948867692308
PV,331,0.000829797538461538
PV,332,0
PV,333,0
PV,334,0
PV,335,0
PV,336,0
PV,337,0
PV,338,0
PV,339,0
PV,340,0.00145554969230769
PV,341,0.0219245946153846
PV,342,0.111615887230769
PV,343,0.254622306692308
PV,344,0.393864243615385
PV,345,0.501471321615385
PV,346,0.577614020692308
PV,347,0.611662045076923
PV,348,0.603696891692308
PV,349,0.555144944769231
PV,350,0.467314952923077
PV,351,0.348983745692308
PV,352,0.209922482076923
PV,353,0.0799394849230769
PV,354,0.0132251471538462
PV,355,0.000266324
PV,356,0
PV,357,0
PV,358,0
PV,359,0
PV,360,0
PV,361,0
PV,362,0
PV,363,0
PV,364,0.0020137125
PV,365,0.0243746357857143
PV,366,0.123316729214286
PV,367,0.276677519142857
PV,368,0.426544546428571
PV,369,0.543940760214286
PV,370,0.618843011357143
PV,371,0.647638419714286
PV,372,0.633626783071429
PV,373,0.578035938142857
PV,374,0.486739482357143
PV,375,0.361914392357143
PV,376,0.220014598
PV,377,0.0841744054285714
PV,378,0.0152171902857143
PV,379,0.000374293071428571
PV,380,0
PV,381,0
PV,382,0
PV,383,0
PV,384,0
PV,385,0
PV,386,0
PV,387,0
PV,388,0.00176280361538462
PV,389,0.0211710336153846
PV,390,0.116454811230769
PV,391,0.269115471769231
PV,392,0.417894362846154
PV,393,0.531584291307692
PV,394,0.600631556923077
PV,395,0.624690943538462
PV,396,0.610130362076923
PV,397,0.556592156923077
PV,398,0.466742731846154
PV,399,0.343542266153846
PV,400,0.204953913846154
PV,401,0.0749988411538462
PV,402,0.012519754
PV,403,0.000241232076923077
PV,404,0
PV,405,0
PV,406,0
PV,407,0
PV,408,0
PV,409,0
PV,410,0
PV,411,0
PV,412,0.00143060925
PV,413,0.0207452673333333
PV,414,0.116741445666667
PV,415,0.271248255666667
PV,416,0.4153178355
PV,417,0.52065761225
PV,418,0.581846053916667
PV,419,0.602157278916667
PV,420,0.584749000083333
PV,421,0.531416466583333
PV,422,0.44300165525
PV,423,0.33298009175
PV,424,0.201990023583333
PV,425,0.0736773208333333
PV,426,0.0115322623333333
PV,427,0.0002904455
PV,428,0
PV,429,0
PV,430,0
PV,431,0
PV,432,0
PV,433,0
PV,434,0
PV,435,0
PV,436,0.00178440085714286
PV,437,0.0228480868571429
PV,438,0.105649142
PV,439,0.240993515142857
PV,440,0.377295636714286
PV,441,0.482116698571429
PV,442,0.548038766285714
PV,443,0.571438446285714
PV,444,0.556981964357143
PV,445,0.509223446428571
PV,446,0.428849210642857
PV,447,0.320595634785714
PV,448,0.193387567285714
PV,449,0.0740895214285714
PV,450,0.014495572
PV,451,0.000434561357142857
PV,452,0
PV,453,0
PV,454,0
PV,455,0
PV,456,0
PV,457,0
PV,458,0
PV,459,0
PV,460,0.00132059315384615
PV,461,0.0196721668461538
PV,462,0.102001425461538
PV,463,0.242147580384615
PV,464,0.383046783538462
PV,465,0.495754668615385
PV,466,0.568093915769231
PV,467,0.598256663230769
PV,468,0.591649872461538
PV,469,0.543276311923077
PV,470,0.45173583
PV,471,0.327876539615385
PV,472,0.189013054692308
PV,473,0.0670965818461538
PV,474,0.0115690532307692
PV,475,0.000242539692307692
PV,476,0
PV,477,0
PV,478,0
PV,479,0
PV,480,0
PV,481,0
PV,482,0
PV,483,0
PV,484,0.00136548030769231
PV,485,0.0200498395384615
PV,486,0.101688698
PV,487,0.235110405846154
PV,488,0.367557002615385
PV,489,0.468904484538462
PV,490,0.534800980384615
PV,491,0.561995805846154
PV,492,0.551309999769231
PV,493,0.505897603384615
PV,494,0.423656630538462
PV,495,0.313988504076923
PV,496,0.188989180923077
PV,497,0.0720255863846154
PV,498,0.0119196959230769
PV,499,0.000242098923076923
PV,500,0
PV,501,0
PV,502,0
PV,503,0
PV,504,0
PV,505,0
PV,506,0
PV,507,0
PV,508,0
PV,509,0
PV,510,0.0040652675
PV,511,0.0546274685714286
PV,512,0.185268069
PV,513,0.316914906642857
PV,514,0.412350248714286
PV,515,0.456467318642857
PV,516,0.456752661571429
PV,517,0.4078432495
PV,518,0.302997381285714
PV,519,0.156573790142857
PV,520,0.0304551583571429
PV,521,0.000394109571428571
PV,522,0
PV,523,0
PV,524,0
PV,525,0
PV,526,0
PV,527,0
PV,528,0
PV,529,0
PV,530,0
PV,531,0
PV,532,0
PV,533,0
PV,534,0.00481486908333333
PV,535,0.0564280319166667
PV,536,0.179242401166667
PV,537,0.303043060916667
PV,538,0.400746156166667
PV,539,0.44894277425
PV,540,0.441650168833333
PV,541,0.384186619666667
PV,542,0.285183731
PV,543,0.154130882583333
PV,544,0.0333211325833333
PV,545,0.00059786475
PV,546,0
PV,547,0
PV,548,0
PV,549,0
PV,550,0
PV,551,0
PV,552,0
PV,553,0
PV,554,0
PV,555,0
PV,556,0
PV,557,0
PV,558,0.00268092453846154
PV,559,0.0542886691538462
PV,560,0.184095720615385
PV,561,0.312999415461538
PV,562,0.407209654
PV,563,0.450822536538462
PV,564,0.449030406076923
PV,565,0.398240788461538
PV,566,0.300685118923077
PV,567,0.164767712923077
PV,568,0.0345859527692308
PV,569,0.000658568615384615
PV,570,0
PV,571,0
PV,572,0
PV,573,0
PV,574,0
PV,575,0
PV,576,0
PV,577,0
PV,578,0
PV,579,0
PV,580,0
PV,581,0
PV,582,0.00276194976923077
PV,583,0.0406827089230769
PV,584,0.159450688538462
PV,585,0.296073200538462
PV,586,0.407145324307692
PV,587,0.469152872076923
PV,588,0.467660711923077
PV,589,0.414759416769231
PV,590,0.310936172538462
PV,591,0.159643062923077
PV,592,0.0266271676153846
PV,593,0.000573133923076923
PV,594,0
PV,595,0
PV,596,0
PV,597,0
PV,598,0
PV,599,0
PV,600,0
PV,601,0
PV,602,0
PV,603,0
PV,604,0
PV,605,0
PV,606,0.00297559092307692
PV,607,0.0503145836153846
PV,608,0.186713176692308
PV,609,0.329156358615385
PV,610,0.436411155461538
PV,611,0.482077405
PV,612,0.481138884153846
PV,613,0.424816301538462
PV,614,0.318259083461538
PV,615,0.170811696923077
PV,616,0.0317231648461538
PV,617,0.000610472230769231
PV,618,0
PV,619,0
PV,620,0
PV,621,0
PV,622,0
PV,623,0
PV,624,0
PV,625,0
PV,626,0
PV,627,0
PV,628,0
PV,629,0
PV,630,0.00350399230769231
PV,631,0.0477451622307692
PV,632,0.165767446384615
PV,633,0.295295355461538
PV,634,0.387080584
PV,635,0.428786930923077
PV,636,0.421114979615385
PV,637,0.367772184153846
PV,638,0.270714561153846
PV,639,0.137847015230769
PV,640,0.0255028465384615
PV,641,0.000302975
PV,642,0
PV,643,0
PV,644,0
PV,645,0
PV,646,0
PV,647,0
PV,648,0
PV,649,0
PV,650,0
PV,651,0
PV,652,0
PV,653,0
PV,654,0.00283951884615385
PV,655,0.0497923251538462
PV,656,0.167214535615385
PV,657,0.289408766
PV,658,0.375222708846154
PV,659,0.420158563384615
PV,660,0.418556284846154
PV,661,0.363902946076923
PV,662,0.263322838846154
PV,663,0.134367120307692
PV,664,0.0303764834615385
PV,665,0.000648498230769231
PV,666,0
PV,667,0
PV,668,0
PV,669,0
PV,670,0
PV,671,0
river,0,0.543679990714286
river,1,0.512852445
river,2,0.491702568571429
river,3,0.478407342857143
river,4,0.464841512857143
river,5,0.461971681428571
river,6,0.474861000714286
river,7,0.515437428571429
river,8,0.560307923571429
river,9,0.585125202857143
river,10,0.587354127857143
river,11,0.585773227142857
river,12,0.578901298571429
river,13,0.563904115
river,14,0.536316700714286
river,15,0.511755783571429
river,16,0.503651891428571
river,17,0.518321502142857
river,18,0.555472648571429
river,19,0.616536684285714
river,20,0.615069722857143
river,21,0.589283965
river,22,0.554162354285714
river,23,0.551442065714286
river,24,0.555002652142857
river,25,0.527272813571429
river,26,0.501586752142857
river,27,0.479774607142857
river,28,0.470809053571429
river,29,0.473771463571429
river,30,0.49067
river,31,0.534429590714286
river,32,0.584299146428571
river,33,0.612790949285714
river,34,0.618601824285714
river,35,0.620780902142857
river,36,0.616999560714286
river,37,0.599830417142857
river,38,0.573268454285714
river,39,0.546022856428571
river,40,0.538631080714286
river,41,0.549704499285714
river,42,0.581756887142857
river,43,0.634539003571429
river,44,0.633919462142857
river,45,0.604565997142857
river,46,0.572876787857143
river,47,0.579314327142857
river,48,0.570138698333333
river,49,0.545671545
river,50,0.518745213333333
river,51,0.489683715833333
river,52,0.478185401666667
river,53,0.4705170875
river,54,0.47413108
river,55,0.494136821666667
river,56,0.5299527475
river,57,0.563550429166667
river,58,0.591889125833333
river,59,0.593467653333333
river,60,0.586688300833333
river,61,0.57967632
river,62,0.546635275833333
river,63,0.519193846666667
river,64,0.504422164166667
river,65,0.519426470833333
river,66,0.555981811666667
river,67,0.623110710833333
river,68,0.625212643333333
river,69,0.591797739166667
river,70,0.55987828
river,71,0.566001298333333
river,72,0.532877175384615
river,73,0.495951168461538
river,74,0.476203614615385
river,75,0.453288784615385
river,76,0.434200760769231
river,77,0.423395207692308
river,78,0.423034766153846
river,79,0.433587245384615
river,80,0.454952947692308
river,81,0.479961401538462
river,82,0.499279493846154
river,83,0.510184745384615
river,84,0.520177389230769
river,85,0.516818387692308
river,86,0.48713954
river,87,0.470912036923077
river,88,0.461793652307692
river,89,0.470352204615385
river,90,0.499831659230769
river,91,0.559580468461538
river,92,0.576544191538462
river,93,0.564657314615385
river,94,0.544564659230769
river,95,0.54675031
river,96,0.545569290769231
river,97,0.512447085384615
river,98,0.488596643076923
river,99,0.477438316923077
river,100,0.469339902307692
river,101,0.474409080769231
river,102,0.48846627
river,103,0.540538458461538
river,104,0.583323546153846
river,105,0.618662078461538
river,106,0.624873931538461
river,107,0.626791169230769
river,108,0.620395263846154
river,109,0.606445437692308
river,110,0.584611931538462
river,111,0.559128000769231
river,112,0.555025109230769
river,113,0.564864376923077
river,114,0.606859561538462
river,115,0.654936225384615
river,116,0.652190740769231
river,117,0.619398299230769
river,118,0.588753163846154
river,119,0.593914369230769
river,120,0.570645490833333
river,121,0.550415430833333
river,122,0.523381095
river,123,0.498847475833333
river,124,0.490157274166667
river,125,0.4894510925
river,126,0.501655590833333
river,127,0.543204059166667
river,128,0.589064395
river,129,0.6082310275
river,130,0.614212809166667
river,131,0.617270163333333
river,132,0.611321613333333
river,133,0.5956609725
river,134,0.5702965525
river,135,0.5449985925
river,136,0.540354404166667
river,137,0.5485959725
river,138,0.588765306666667
river,139,0.6422358
river,140,0.64524331
river,141,0.6159325725
river,142,0.585716258333333
river,143,0.586895999166667
river,144,0.574788003076923
river,145,0.541504746923077
river,146,0.519870631538462
river,147,0.505046546153846
river,148,0.495813126923077
river,149,0.49623492
river,150,0.51036113
river,151,0.556880994615385
river,152,0.599681421538461
river,153,0.625725185384615
river,154,0.625541129230769
river,155,0.622764969230769
river,156,0.617366026923077
river,157,0.600793419230769
river,158,0.572564005384615
river,159,0.553077196923077
river,160,0.545929731538462
river,161,0.554181524615385
river,162,0.593216494615385
river,163,0.642780936153846
river,164,0.63827159
river,165,0.608209297692308
river,166,0.570608423076923
river,167,0.57290144
river,168,0.602365557142857
river,169,0.575490257857143
river,170,0.553435993571429
river,171,0.542170302142857
river,172,0.537050181428571
river,173,0.5359464
river,174,0.539428652142857
river,175,0.567564395714286
river,176,0.592481370714286
river,177,0.608475520714286
river,178,0.608439913571429
river,179,0.603796910714286
river,180,0.595785595
river,181,0.589084571428571
river,182,0.579086449285714
river,183,0.567550155
river,184,0.56661016
river,185,0.572948002142857
river,186,0.584655205
river,187,0.610070662142857
river,188,0.62192029
river,189,0.621364839285714
river,190,0.611608835714286
river,191,0.621977258571429
river,192,0.611944715833333
river,193,0.5818281
river,194,0.559928126666667
river,195,0.546685123333333
river,196,0.539382364166667
river,197,0.546809745
river,198,0.550432046666667
river,199,0.5776907
river,200,0.613249076666667
river,201,0.631285815833333
river,202,0.631775989166667
river,203,0.638663348333333
river,204,0.640574195
river,205,0.630180844166667
river,206,0.616804916666667
river,207,0.605024126666667
river,208,0.595901905833333
river,209,0.594448
river,210,0.605672153333333
river,211,0.624689239166667
river,212,0.638555344166667
river,213,0.635315209166667
river,214,0.631136271666667
river,215,0.642069641666667
river,216,0.635104313846154
river,217,0.607273685384615
river,218,0.586851263076923
river,219,0.569956560769231
river,220,0.560991554615385
river,221,0.558276746923077
river,222,0.556190791538462
river,223,0.560216991538462
river,224,0.571590048461538
river,225,0.587549137692308
river,226,0.599903821538462
river,227,0.602948396923077
river,228,0.605448474615385
river,229,0.59940534
river,230,0.576229764615385
river,231,0.564457922307692
river,232,0.557647892307692
river,233,0.559611143846154
river,234,0.567510166153846
river,235,0.588852860769231
river,236,0.604788943846154
river,237,0.609551364615385
river,238,0.608316663076923
river,239,0.619451982307692
river,240,0.57391648
river,241,0.539912891428571
river,242,0.521056032142857
river,243,0.504385372142857
river,244,0.490513334285714
river,245,0.48812062
river,246,0.489480763571429
river,247,0.494593763571429
river,248,0.50315341
river,249,0.514654100714286
river,250,0.526902512857143
river,251,0.535141707142857
river,252,0.538581232142857
river,253,0.539848801428571
river,254,0.518955287142857
river,255,0.504563401428571
river,256,0.496580570714286
river,257,0.499165554285714
river,258,0.511663207857143
river,259,0.531901575714286
river,260,0.548785871428571
river,261,0.554767652857143
river,262,0.556426885714286
river,263,0.568226664285714
river,264,0.589654265833333
river,265,0.563110104166667
river,266,0.548379963333333
river,267,0.5344307775
river,268,0.534098455
river,269,0.534231383333333
river,270,0.546037096666667
river,271,0.570761800833333
river,272,0.595528045
river,273,0.607724235833333
river,274,0.606245406666667
river,275,0.611388078333333
river,276,0.6182255875
river,277,0.611396386666667
river,278,0.5977795225
river,279,0.581853025
river,280,0.5811883825
river,281,0.580831135
river,282,0.594290149166667
river,283,0.619480100833333
river,284,0.6299232975
river,285,0.619721034166667
river,286,0.61446205
river,287,0.622122054166667
river,288,0.605164723076923
river,289,0.572172886923077
river,290,0.556321163846154
river,291,0.543912798461539
river,292,0.541121299230769
river,293,0.539242406153846
river,294,0.548437480769231
river,295,0.575792635384615
river,296,0.603999041538462
river,297,0.614674223846154
river,298,0.615471794615385
river,299,0.611959415384615
river,300,0.613730943076923
river,301,0.604804282307692
river,302,0.590747092307692
river,303,0.575577904615385
river,304,0.571306296153846
river,305,0.578361733846154
river,306,0.591299256923077
river,307,0.609091227692308
river,308,0.620402931538461
river,309,0.622504225384615
river,310,0.613385839230769
river,311,0.618501032307692
river,312,0.590808443846154
river,313,0.56045473
river,314,0.547563219230769
river,315,0.538973991538461
river,316,0.531627134615385
river,317,0.532048928461538
river,318,0.54155076
river,319,0.565263163846154
river,320,0.591283918461538
river,321,0.607519091538462
river,322,0.609750756923077
river,323,0.601575653846154
river,324,0.597725837692308
river,325,0.594550893076923
river,326,0.577617846923077
river,327,0.568905914615385
river,328,0.567586855384615
river,329,0.575186787692308
river,330,0.590033880769231
river,331,0.617910522307692
river,332,0.629421619230769
river,333,0.624015009230769
river,334,0.618938163076923
river,335,0.618984176153846
river,336,0.31237178
river,337,0.281580935384615
river,338,0.262953049230769
river,339,0.256787210769231
river,340,0.254509530769231
river,341,0.251319246153846
river,342,0.25802191
river,343,0.282462862307692
river,344,0.320845973076923
river,345,0.336973779230769
river,346,0.330999664615385
river,347,0.331651526923077
river,348,0.333008932307692
river,349,0.323468755384615
river,350,0.304273366153846
river,351,0.295523091538462
river,352,0.295085961538462
river,353,0.298444962307692
river,354,0.314005266923077
river,355,0.345187229230769
river,356,0.352311686153846
river,357,0.342802183846154
river,358,0.32979564
river,359,0.338637943076923
river,360,0.345868122142857
river,361,0.310312117857143
river,362,0.292195861428571
river,363,0.283116367142857
river,364,0.28014684
river,365,0.278765332857143
river,366,0.279605630714286
river,367,0.297465527142857
river,368,0.326263540714286
river,369,0.341260724285714
river,370,0.345319790714286
river,371,0.349293403571429
river,372,0.354313828571429
river,373,0.347313718571429
river,374,0.328314435714286
river,375,0.318950097857143
river,376,0.313716036428571
river,377,0.318145404285714
river,378,0.335115154285714
river,379,0.354961855714286
river,380,0.361264092857143
river,381,0.353338228571429
river,382,0.339608612142857
river,383,0.346580237857143
river,384,0.339443182307692
river,385,0.3105389
river,386,0.293874266153846
river,387,0.279794068461538
river,388,0.272286163846154
river,389,0.265836575384615
river,390,0.265844245384615
river,391,0.271595957692308
river,392,0.283291111538462
river,393,0.300185813846154
river,394,0.315447030769231
river,395,0.321934963846154
river,396,0.322356757692308
river,397,0.321168069230769
river,398,0.305868506153846
river,399,0.297217928461538
river,400,0.294641160769231
river,401,0.300431221538462
river,402,0.308084835384615
river,403,0.328959725384615
river,404,0.340884946923077
river,405,0.340179400769231
river,406,0.331789567692308
river,407,0.346843722307692
river,408,0.3214876075
river,409,0.292160254166667
river,410,0.2775048875
river,411,0.271215705833333
river,412,0.262051946666667
river,413,0.255521833333333
river,414,0.255031660833333
river,415,0.254923655833333
river,416,0.263406156666667
river,417,0.2770562525
river,418,0.278510158333333
river,419,0.2823318525
river,420,0.290124786666667
river,421,0.290980514166667
river,422,0.275693734166667
river,423,0.264369888333333
river,424,0.261262683333333
river,425,0.261943940833333
river,426,0.268714988333333
river,427,0.28622832
river,428,0.302503754166667
river,429,0.31442578
river,430,0.31345374
river,431,0.321022358333333
river,432,0.325992933571429
river,433,0.299965058571429
river,434,0.289475575
river,435,0.285786807857143
river,436,0.281350318571429
river,437,0.281656528571429
river,438,0.287581342142857
river,439,0.306167595714286
river,440,0.334139553571429
river,441,0.354876400714286
river,442,0.364461497857143
river,443,0.371091307142857
river,444,0.378354900714286
river,445,0.370080100714286
river,446,0.359505164285714
river,447,0.352455203571429
river,448,0.350276126428571
river,449,0.349350372857143
river,450,0.360537732857143
river,451,0.38163776
river,452,0.388274691428571
river,453,0.37987171
river,454,0.364447253571429
river,455,0.370692522857143
river,456,0.332265042307692
river,457,0.302992650769231
river,458,0.282470533846154
river,459,0.274502490769231
river,460,0.267439385384615
river,461,0.268444019230769
river,462,0.272646605384615
river,463,0.289311239230769
river,464,0.316773757692308
river,465,0.331314092307692
river,466,0.336298911538462
river,467,0.337564288461538
river,468,0.34224235
river,469,0.334320322307692
river,470,0.315707774615385
river,471,0.306758106153846
river,472,0.304948233076923
river,473,0.310132446153846
river,474,0.322026989230769
river,475,0.344934152307692
river,476,0.357580253846154
river,477,0.35096195
river,478,0.331145375384615
river,479,0.336015161538462
river,480,0.315853483076923
river,481,0.284196046923077
river,482,0.267263000769231
river,483,0.260675369230769
river,484,0.260322597692308
river,485,0.26140392
river,486,0.264218426923077
river,487,0.284870913846154
river,488,0.316482338461538
river,489,0.338323513846154
river,490,0.337679323076923
river,491,0.34063187
river,492,0.344243947692308
river,493,0.331697539230769
river,494,0.31595318
river,495,0.307210576153846
river,496,0.308667674615385
river,497,0.314258340769231
river,498,0.32240277
river,499,0.351245700769231
river,500,0.364029843076923
river,501,0.350187384615385
river,502,0.329389185384615
river,503,0.329297157692308
river,504,0.289112395
river,505,0.257722275
river,506,0.242945846428571
river,507,0.235440132857143
river,508,0.233268177142857
river,509,0.232157273571429
river,510,0.240410709285714
river,511,0.274513995
river,512,0.308118798571429
river,513,0.328748827142857
river,514,0.334274855714286
river,515,0.324611427857143
river,516,0.317070107142857
river,517,0.304330334285714
river,518,0.284355452142857
river,519,0.275532322857143
river,520,0.277177310714286
river,521,0.292637372857143
river,522,0.332252444285714
river,523,0.368912229285714
river,524,0.358145019285714
river,525,0.314670275
river,526,0.288706486428571
river,527,0.291896771428571
river,528,0.307413801666667
river,529,0.275145405
river,530,0.261952250833333
river,531,0.253120811666667
river,532,0.2480778375
river,533,0.248609551666667
river,534,0.255937235
river,535,0.2935061575
river,536,0.339806819166667
river,537,0.363684103333333
river,538,0.362030803333333
river,539,0.357777091666667
river,540,0.345165500833333
river,541,0.327103838333333
river,542,0.310055756666667
river,543,0.293132295
river,544,0.292791664166667
river,545,0.303135165833333
river,546,0.33553649
river,547,0.377051725
river,548,0.373030639166667
river,549,0.3249271325
river,550,0.302246205833333
river,551,0.30517894
river,552,0.287102580769231
river,553,0.263420854615385
river,554,0.248021598461538
river,555,0.237599491538462
river,556,0.23278339
river,557,0.231640714615385
river,558,0.23306714
river,559,0.248788492307692
river,560,0.275997936153846
river,561,0.298682699230769
river,562,0.314281349230769
river,563,0.313430094615385
river,564,0.307011183076923
river,565,0.296151943846154
river,566,0.27904251
river,567,0.266319717692308
river,568,0.265085016153846
river,569,0.276251013076923
river,570,0.309633963076923
river,571,0.346299226153846
river,572,0.340516836923077
river,573,0.313591142307692
river,574,0.288436977692308
river,575,0.287854137692308
river,576,0.264203087692308
river,577,0.243941713846154
river,578,0.23592766
river,579,0.223726354615385
river,580,0.215091116923077
river,581,0.213495973846154
river,582,0.211916168461538
river,583,0.213718372307692
river,584,0.224562271538462
river,585,0.239670108461538
river,586,0.250851440769231
river,587,0.253366856923077
river,588,0.254831627692308
river,589,0.258650766153846
river,590,0.237622498461538
river,591,0.224769334615385
river,592,0.22055141
river,593,0.230804798461538
river,594,0.255153724615385
river,595,0.294027645384615
river,596,0.296788467692308
river,597,0.271741668461538
river,598,0.259003537692308
river,599,0.261104831538462
river,600,0.27758541
river,601,0.248052274615385
river,602,0.234999716153846
river,603,0.231395308461538
river,604,0.231732742307692
river,605,0.235942997692308
river,606,0.24338955
river,607,0.280162178461538
river,608,0.327234208461538
river,609,0.351912899230769
river,610,0.359037356153846
river,611,0.348707276153846
river,612,0.33697378
river,613,0.326229576153846
river,614,0.310661602307692
river,615,0.302593865384615
river,616,0.303077009230769
river,617,0.316812103846154
river,618,0.360195368461538
river,619,0.399345372307692
river,620,0.396339140769231
river,621,0.354980482307692
river,622,0.335976815384615
river,623,0.329258813076923
river,624,0.298207224615385
river,625,0.267493068461538
river,626,0.249156603076923
river,627,0.240958491538462
river,628,0.240797443846154
river,629,0.240344976153846
river,630,0.247607473846154
river,631,0.278505685384615
river,632,0.321183406153846
river,633,0.340815926153846
river,634,0.341751536153846
river,635,0.333599441538462
river,636,0.326912114615385
river,637,0.317003825384615
river,638,0.302018693076923
river,639,0.295001602307692
river,640,0.300385208461538
river,641,0.311206099230769
river,642,0.356767346153846
river,643,0.392880445384615
river,644,0.383041178461538
river,645,0.342986238461538
river,646,0.312571172307692
river,647,0.308882406923077
river,648,0.289288232307692
river,649,0.257017280769231
river,650,0.247990920769231
river,651,0.24016859
river,652,0.238443075384615
river,653,0.239723790769231
river,654,0.247561460769231
river,655,0.276158985384615
river,656,0.311742925384615
river,657,0.337686990769231
river,658,0.346375914615385
river,659,0.344420333076923
river,660,0.336459959230769
river,661,0.324626766153846
river,662,0.311290456153846
river,663,0.299043139230769
river,664,0.303261064615385
river,665,0.322977943076923
river,666,0.361537434615385
river,667,0.40045737
river,668,0.391262295384615
river,669,0.350072349230769
river,670,0.32452707
river,671,0.321804590769231
